work_year,experience_level,employment_type,job_title,salary,salary_currency,employee_residence,remote_ratio,company_location,company_size,salary_in_usd
2022,SE,FT,Data Scientist,12500,BRL,BR,100,BR,L,2428
2021,MI,FT,Data Scientist,58000,MXN,MX,0,MX,S,2859
2022,EN,FT,AI Scientist,240000,INR,IN,0,IN,S,3078
2021,MI,FT,Data Engineer,4000,USD,IR,100,IR,M,4000
2021,EN,FT,Data Scientist,4000,USD,VN,0,VN,M,4000
2022,MI,FT,NLP Engineer,120000,CZK,CZ,100,CZ,M,5132
2021,EN,FT,Power BI Developer,400000,INR,IN,50,IN,L,5409
2021,MI,FT,Data Scientist,420000,INR,IN,100,US,S,5679
2020,EN,FT,Data Science Consultant,423000,INR,IN,50,IN,M,5707
2022,MI,FT,Data Analyst,450000,INR,IN,100,IN,S,5772
2021,EN,FT,Big Data Engineer,435000,INR,IN,0,CH,L,5882
2020,EN,FT,Data Analyst,450000,INR,IN,0,IN,S,6072
2020,MI,FT,Product Data Analyst,450000,INR,IN,100,IN,L,6072
2022,EN,FT,BI Data Analyst,32400,BRL,BR,100,BR,L,6294
2022,EN,FT,Data Analyst,500000,INR,FR,100,IN,L,6413
2022,MI,CT,Analytics Engineer,7500,USD,BO,50,BO,M,7500
2022,EN,FT,Data Analyst,40300,BRL,BR,100,BR,L,7828
2022,SE,FT,Product Data Scientist,8000,USD,IN,100,SG,L,8000
2020,MI,FT,Data Analyst,8000,USD,PK,50,PK,L,8000
2022,EN,FT,BI Data Analyst,633000,INR,IN,100,IN,M,8120
2021,EN,FT,BI Data Analyst,9272,USD,KE,100,KE,S,9272
2021,MI,FT,Data Scientist,700000,INR,IN,0,IN,S,9466
2022,MI,FT,Data Scientist,10000,USD,TR,0,TR,M,10000
2022,EN,FT,Computer Vision Engineer,10000,USD,PT,100,LU,M,10000
2020,EN,FT,Data Analyst,10000,USD,NG,100,NG,S,10000
2021,EN,PT,Data Analyst,8760,EUR,ES,50,ES,M,10354
2021,EN,PT,AI Scientist,12000,USD,PK,100,US,M,12000
2021,MI,FL,Machine Learning Scientist,12000,USD,PK,50,PK,M,12000
2021,EN,PT,AI Scientist,12000,USD,BR,100,US,S,12000
2021,MI,FT,Data Engineer,108000,TRY,TR,0,TR,M,12103
2021,EN,FT,Machine Learning Research Engineer,900000,INR,IN,100,IN,M,12171
2021,MI,FT,Data Scientist,69600,BRL,BR,0,BR,S,12901
2021,EN,FT,Data Scientist,13400,USD,UA,100,UA,L,13400
2020,EN,FT,Data Engineer,1000000,INR,IN,100,IN,L,13493
2020,EN,FT,Data Engineer,1000000,INR,IN,100,IN,L,13493
2021,EN,FT,Machine Learning Developer,15000,USD,TH,100,TH,L,15000
2022,EN,FT,Data Analyst,15000,USD,ID,0,ID,L,15000
2020,EN,PT,ML Engineer,14000,EUR,DE,100,DE,S,15966
2021,EN,FT,Big Data Engineer,1200000,INR,IN,100,IN,L,16228
2021,MI,FT,Data Scientist,1250000,INR,IN,100,IN,S,16904
2022,MI,FT,Business Data Analyst,1400000,INR,IN,100,IN,M,17959
2022,EN,FT,Data Scientist,1400000,INR,IN,100,IN,M,17959
2021,MI,FT,Big Data Engineer,18000,USD,MD,0,MD,S,18000
2021,EN,FT,AI Scientist,1335000,INR,IN,100,AS,S,18053
2021,SE,FT,Computer Vision Engineer,102000,BRL,BR,0,BR,M,18907
2021,EN,PT,Computer Vision Software Engineer,120000,DKK,DK,50,DK,L,19073
2021,MI,FT,Lead Data Analyst,1450000,INR,IN,100,IN,L,19609
2022,EN,FT,Data Analyst,20000,USD,CR,50,US,M,20000
2021,EN,FT,Machine Learning Research Engineer,20000,USD,FR,50,FR,M,20000
2022,MI,FT,Data Analyst,20000,USD,GR,100,GR,S,20000
2020,MI,FT,Product Data Analyst,20000,USD,HN,0,HN,S,20000
2022,EN,FT,Data Analytics Engineer,20000,USD,PK,0,PK,M,20000
2021,EN,FT,Machine Learning Engineer,20000,USD,IN,100,IN,S,20000
2021,MI,FL,Data Engineer,20000,USD,IT,0,US,L,20000
2021,SE,FT,Data Scientist,180000,TRY,TR,50,TR,L,20171
2022,EN,FT,ML Engineer,20000,EUR,PT,100,PT,L,21057
2021,EN,FT,Data Engineer,1600000,INR,IN,50,IN,M,21637
2020,EN,PT,Data Scientist,19000,EUR,IT,50,IT,S,21669
2021,EN,FT,Machine Learning Engineer,21844,USD,CO,50,CO,M,21844
2021,MI,FT,Big Data Engineer,1672000,INR,IN,0,IN,L,22611
2022,MI,FT,Machine Learning Scientist,22800,USD,EG,100,EG,M,22800
2020,EN,FT,Data Analyst,20000,EUR,PT,100,PT,M,22809
2022,EN,FT,Data Scientist,1800000,INR,IN,50,IN,M,23090
2022,MI,FT,Data Engineer,24000,USD,US,0,US,M,24000
2022,MI,FT,Data Engineer,24000,USD,US,0,US,M,24000
2021,SE,FT,Computer Vision Engineer,24000,USD,BR,100,BR,M,24000
2021,SE,FT,Machine Learning Engineer,1799997,INR,IN,100,IN,L,24342
2021,EN,FT,Machine Learning Engineer,21000,EUR,DE,50,DE,M,24823
2021,MI,FT,Machine Learning Engineer,21000,EUR,SI,50,SI,L,24823
2022,MI,FT,Data Scientist,25000,USD,TR,50,TR,M,25000
2022,SE,FT,Data Engineer,25000,USD,US,100,US,M,25000
2021,MI,FT,Data Scientist,21600,EUR,RS,100,DE,S,25532
2021,MI,FT,Data Engineer,22000,EUR,RO,0,US,L,26005
2021,MI,FT,Data Engineer,250000,TRY,TR,100,TR,M,28016
2021,MI,FT,Data Engineer,24000,EUR,MT,50,MT,L,28369
2021,EN,FT,Data Scientist,2100000,INR,IN,100,IN,M,28399
2022,EN,FT,Data Analyst,27000,EUR,FR,50,FR,M,28427
2021,MI,FT,Data Engineer,110000,PLN,PL,100,PL,L,28476
2021,EN,PT,Computer Vision Engineer,180000,DKK,DK,50,DK,S,28609
2021,EN,FT,Data Scientist,2200000,INR,IN,50,IN,L,29751
2022,MI,FT,Data Scientist,30000,USD,MX,100,MX,L,30000
2022,EN,FT,Machine Learning Engineer,30000,USD,GB,100,GB,L,30000
2022,SE,FT,Lead Data Scientist,28500,EUR,PT,50,PT,S,30006
2021,EN,FT,Data Engineer,2250000,INR,IN,100,IN,L,30428
2022,EN,CT,Applied Machine Learning Scientist,29000,EUR,TN,100,CZ,M,30533
2022,MI,FL,Applied Machine Learning Scientist,2400000,INR,IN,100,IN,S,30787
2022,MI,FT,Data Scientist,2400000,INR,IN,100,IN,L,30787
2022,EN,FT,AI Scientist,30000,EUR,PT,100,ES,M,31586
2022,EN,FT,Data Scientist,30000,EUR,ES,50,ES,M,31586
2022,MI,FT,Data Analyst,30000,EUR,ES,100,ES,M,31586
2022,MI,FT,Data Analyst,30000,EUR,GR,100,GR,M,31586
2022,MI,FT,Head of Data,30000,EUR,EE,100,EE,S,31586
2022,EN,FT,Data Scientist,27000,GBP,GB,50,GB,L,33440
2020,SE,FT,Data Engineer,720000,MXN,MX,0,MX,S,33511
2022,MI,FT,Data Scientist,150000,PLN,PL,100,PL,L,33681
2021,MI,FT,Data Scientist,2500000,INR,IN,0,IN,M,33808
2022,EN,FT,Machine Learning Engineer,28500,GBP,GB,100,GB,L,35298
2020,MI,FT,Data Scientist,11000000,HUF,HU,50,HU,L,35735
2022,MI,FT,NLP Engineer,240000,CNY,US,50,US,L,35988
2021,MI,FT,BI Data Analyst,11000000,HUF,HU,50,US,L,36259
2021,EN,FT,Data Scientist,31000,EUR,FR,50,FR,L,36643
2022,SE,FT,Data Analyst,35000,EUR,ES,0,ES,M,36850
2022,SE,FT,Data Analyst,35000,EUR,ES,0,ES,M,36850
2022,SE,FT,Data Analyst,35000,EUR,ES,0,ES,M,36850
2022,MI,FT,Data Analyst,30000,GBP,GB,100,GB,M,37156
2022,MI,FT,Data Scientist,30000,GBP,GB,0,GB,M,37156
2021,MI,FT,Data Scientist,32000,EUR,ES,100,ES,L,37825
2022,SE,FT,Data Scientist,36000,EUR,ES,0,ES,M,37903
2022,SE,FT,Data Scientist,36000,EUR,ES,0,ES,M,37903
2022,SE,FT,Data Scientist,38000,USD,US,100,US,M,38000
2022,SE,FT,Data Scientist,38000,USD,US,100,US,M,38000
2022,SE,FT,Data Scientist,38000,USD,US,100,US,M,38000
2021,MI,FT,Applied Machine Learning Scientist,38400,USD,VN,100,US,M,38400
2022,SE,FT,Principal Data Architect,3000000,INR,IN,100,IN,L,38483
2020,MI,FT,Data Scientist,34000,EUR,ES,100,ES,M,38776
2020,EN,FT,Data Scientist,35000,EUR,FR,0,FR,M,39916
2022,EN,FT,Data Scientist,40000,USD,JP,100,MY,L,40000
2022,EN,FT,Data Scientist,38000,EUR,FR,50,FR,L,40009
2021,MI,FT,Data Scientist,30400000,CLP,CL,100,CL,L,40038
2021,MI,FT,Data Science Engineer,34000,EUR,GR,100,GR,M,40189
2020,MI,FT,Data Scientist,3000000,INR,IN,0,IN,L,40481
2021,SE,FT,Lead Data Scientist,3000000,INR,IN,50,IN,L,40570
2020,EN,FT,Data Engineer,4450000,JPY,JP,100,JP,S,41689
2022,MI,FT,Data Engineer,42000,USD,BR,100,BR,M,42000
2020,EN,FT,Research Scientist,42000,USD,NL,50,NL,L,42000
2021,EN,FT,Data Analyst,56000,AUD,AU,50,AU,L,42028
2022,SE,FT,Data Engineer,40000,EUR,PT,0,PT,M,42114
2022,MI,FT,Data Analyst,40000,EUR,ES,100,ES,M,42114
2022,MI,FT,Data Analyst,40000,EUR,GR,100,GR,M,42114
2020,MI,FT,Data Scientist,37000,EUR,FR,50,FR,S,42197
2020,MI,FT,Machine Learning Engineer,299000,CNY,CN,0,CN,M,43331
2022,MI,FT,Data Scientist,35000,GBP,GB,0,GB,M,43349
2022,EN,FT,Data Engineer,35000,GBP,GB,100,GB,M,43349
2022,MI,FT,Data Analyst,35000,GBP,GB,0,GB,M,43349
2022,MI,FT,BI Data Analyst,65000,AUD,AU,50,AU,L,45388
2021,EN,FT,Data Engineer,33000,GBP,GB,50,GB,L,45390
2021,MI,FT,Data Engineer,38400,EUR,NL,100,NL,L,45391
2020,SE,FT,Machine Learning Engineer,40000,EUR,HR,100,HR,S,45618
2020,MI,FT,Data Scientist,45760,USD,PH,100,US,S,45760
2020,EN,FT,AI Scientist,300000,DKK,DK,50,DK,S,45896
2022,EN,FT,Data Analyst,46000,USD,US,100,US,L,46000
2021,MI,FT,Machine Learning Engineer,180000,PLN,PL,100,PL,L,46597
2020,MI,FT,Data Analyst,41000,EUR,FR,50,FR,L,46759
2021,MI,FT,Data Scientist,39600,EUR,ES,100,ES,M,46809
2021,MI,FT,Machine Learning Engineer,40000,EUR,ES,100,ES,S,47282
2022,SE,FT,Data Scientist,45000,EUR,ES,0,ES,M,47379
2022,SE,FT,Data Scientist,45000,EUR,ES,0,ES,M,47379
2022,MI,FT,Data Engineer,45000,EUR,ES,100,ES,M,47379
2022,MI,FT,Data Engineer,45000,EUR,GR,100,GR,M,47379
2020,SE,FT,Data Engineer,42000,EUR,GR,50,GR,L,47899
2022,MI,FT,Analytics Engineer,48000,USD,BR,100,BR,M,48000
2022,MI,FT,BI Analyst,48000,USD,BR,100,BR,M,48000
2022,SE,FT,Analytics Engineer,48000,USD,AR,100,US,S,48000
2022,MI,FT,Data Scientist,48000,USD,RU,100,US,S,48000
2020,EN,FT,Data Scientist,43200,EUR,DE,0,DE,S,49268
2022,EN,FT,Data Engineer,40000,GBP,GB,100,GB,M,49542
2022,MI,FT,Data Analyst,40000,GBP,GB,100,GB,M,49542
2022,MI,FT,Data Engineer,40000,GBP,GB,0,GB,M,49542
2022,EN,FT,Data Engineer,40000,GBP,GB,100,GB,M,49542
2021,EN,FT,Data Scientist,42000,EUR,FR,50,FR,M,49646
2022,SE,FT,Data Scientist,50000,USD,US,100,US,M,50000
2022,SE,FT,Data Engineer,50000,USD,US,100,US,M,50000
2022,SE,FT,Data Scientist,50000,USD,US,100,US,M,50000
2022,EN,FT,AI Scientist,50000,USD,US,100,US,M,50000
2022,EN,FT,Business Data Analyst,50000,USD,IN,100,AS,L,50000
2022,EN,FT,Data Scientist,50000,USD,US,50,DE,M,50000
2021,SE,FT,Data Analyst,50000,USD,PH,100,PH,S,50000
2022,EN,FT,Data Analyst,50000,USD,AR,100,AR,L,50000
2022,EN,FT,Applied Data Scientist,50000,USD,AT,50,AT,M,50000
2022,MI,FT,Data Analyst,50000,USD,US,100,US,M,50000
2021,EN,FT,Data Analyst,50000,USD,US,100,US,M,50000
2021,MI,FT,Data Scientist,50000,USD,NG,100,NG,L,50000
2021,SE,FT,Data Analytics Engineer,50000,USD,VN,100,GB,M,50000
2021,SE,FT,Research Scientist,50000,USD,FR,100,US,S,50000
2020,MI,FT,Machine Learning Infrastructure Engineer,44000,EUR,PT,0,PT,M,50180
2022,SE,FT,Data Analyst,48000,EUR,ES,0,ES,M,50537
2022,SE,FT,Data Analyst,48000,EUR,ES,0,ES,M,50537
2022,SE,FT,Data Analyst,48000,EUR,ES,0,ES,M,50537
2022,MI,FT,BI Data Analyst,48000,EUR,DE,100,DE,S,50537
2021,MI,FT,Machine Learning Engineer,43200,EUR,IT,50,IT,L,51064
2020,EN,FT,Data Scientist,45000,EUR,FR,0,FR,S,51321
2022,EN,FT,Data Scientist,66500,CAD,CA,100,CA,L,51459
2021,MI,FT,Data Analyst,37456,GBP,GB,50,GB,L,51519
2022,EN,FT,Data Analyst,52000,USD,CA,0,CA,M,52000
2022,EN,FT,Data Scientist,49500,EUR,BE,50,BE,S,52117
2022,SE,FT,Data Analyst,52500,USD,US,0,US,M,52500
2022,MI,FT,Data Analyst,52500,USD,US,0,US,M,52500
2022,MI,FT,ETL Developer,50000,EUR,GR,0,GR,M,52643
2022,MI,FT,ETL Developer,50000,EUR,GR,0,GR,M,52643
2022,MI,PT,Data Engineer,50000,EUR,DE,50,DE,L,52643
2021,SE,FT,Data Scientist,45000,EUR,FR,50,FR,L,53192
2022,MI,FT,BI Data Analyst,77000,AUD,AU,100,AU,M,53767
2022,MI,FT,Data Scientist,4200000,INR,IN,100,ID,L,53877
2022,MI,FT,Data Scientist,54000,USD,BR,100,BR,M,54000
2022,MI,FT,Analytics Engineer,54000,USD,US,0,US,M,54000
2022,SE,FT,Data Engineer,54000,USD,US,0,US,M,54000
2021,SE,FT,Data Science Manager,4000000,INR,IN,50,US,L,54094
2021,MI,FT,Applied Data Scientist,68000,CAD,GB,50,CA,L,54238
2020,EN,FT,Data Engineer,48000,EUR,PK,100,DE,L,54742
2022,MI,FT,Data Scientist,52000,EUR,NL,100,NL,S,54749
2022,SE,FT,Data Scientist,55000,USD,US,100,US,S,55000
2022,EN,FT,Data Analyst,55000,USD,US,100,US,S,55000
2021,EN,FT,BI Data Analyst,55000,USD,US,50,US,S,55000
2021,SE,FT,AI Scientist,55000,USD,ES,100,ES,L,55000
2022,EN,FT,Data Engineer,52800,EUR,PK,100,DE,M,55591
2022,EN,FT,Machine Learning Engineer,45000,GBP,GB,100,GB,S,55734
2022,MI,FT,Data Engineer,45000,GBP,GB,100,GB,M,55734
2022,MI,FT,Machine Learning Infrastructure Engineer,53000,EUR,PT,50,PT,L,55802
2020,MI,FT,Lead Data Engineer,56000,USD,PT,100,US,M,56000
2021,MI,FT,Data Scientist,40900,GBP,GB,50,GB,L,56256
2021,MI,FT,Research Scientist,48000,EUR,FR,50,FR,S,56738
2022,EN,FT,BI Data Analyst,57000,USD,US,100,US,L,57000
2022,SE,FT,Director of Data Science,55000,EUR,FR,50,FR,L,57908
2022,MI,FT,Data Analyst,58000,USD,US,0,US,S,58000
2022,MI,FT,Data Analyst,58000,USD,US,0,US,S,58000
2021,EN,FT,Data Scientist,58000,USD,US,50,US,L,58000
2022,MI,FT,Data Scientist,47000,GBP,GB,50,GB,M,58211
2021,EN,FT,Data Analyst,50000,EUR,FR,50,FR,M,59102
2021,EN,FT,Business Data Analyst,50000,EUR,LU,100,LU,L,59102
2020,MI,FT,Data Engineering Manager,51999,EUR,DE,100,DE,S,59303
2022,MI,FT,Data Operations Engineer,60000,USD,US,100,US,M,60000
2022,MI,CT,NLP Engineer,60000,USD,IN,100,US,S,60000
2022,MI,FT,Data Operations Engineer,60000,USD,US,100,US,M,60000
2022,MI,FT,Data Operations Engineer,60000,USD,US,100,US,M,60000
2022,SE,FT,Data Science Engineer,60000,USD,AR,100,MX,L,60000
2022,SE,FT,Data Analyst,60000,USD,US,100,US,M,60000
2021,MI,FT,Big Data Engineer,60000,USD,ES,50,RO,M,60000
2021,EN,FT,Data Analyst,60000,USD,US,100,US,S,60000
2020,SE,FL,Computer Vision Engineer,60000,USD,RU,100,US,S,60000
2022,SE,FT,Machine Learning Engineer,57000,EUR,NL,100,NL,L,60013
2021,SE,FT,Research Scientist,51400,EUR,PT,50,PT,L,60757
2022,MI,FT,Data Scientist,58000,EUR,DE,100,DE,S,61066
2022,SE,FT,Data Analyst,61300,USD,CA,100,CA,M,61300
2022,SE,FT,Data Analyst,61300,USD,CA,100,CA,M,61300
2021,MI,FT,Data Scientist,52000,EUR,DE,50,AT,M,61467
2021,SE,FT,Finance Data Analyst,45000,GBP,GB,50,GB,L,61896
2022,EN,FT,Data Engineer,50000,GBP,GB,100,GB,M,61927
2022,SE,FT,Data Analyst,50000,GBP,GB,0,GB,M,61927
2022,MI,FT,Lead Data Scientist,50000,GBP,GB,50,GB,S,61927
2022,MI,FT,Data Engineer,50000,GBP,GB,0,GB,M,61927
2022,MI,FT,Data Scientist,50000,GBP,GB,0,GB,M,61927
2022,SE,FT,Data Engineer,50000,GBP,GB,0,GB,M,61927
2022,MI,FT,Data Analyst,50000,GBP,GB,0,GB,M,61927
2022,MI,FT,Data Analyst,62000,USD,US,0,US,M,62000
2021,MI,FT,Data Analyst,62000,USD,US,0,US,L,62000
2022,MI,FT,Research Scientist,59000,EUR,AT,0,AT,L,62119
2021,MI,FT,Research Scientist,53000,EUR,FR,50,FR,M,62649
2020,EN,FT,Data Scientist,55000,EUR,DE,50,DE,S,62726
2020,MI,FT,Data Scientist,55000,EUR,FR,50,LU,S,62726
2022,SE,FT,ETL Developer,63000,USD,US,100,US,M,63000
2022,SE,FT,ETL Developer,63000,USD,US,100,US,M,63000
2022,SE,FT,Data Engineer,63000,USD,US,100,US,M,63000
2022,SE,FT,Data Engineer,63000,USD,US,100,US,M,63000
2022,SE,FT,Analytics Engineer,63000,USD,US,0,US,M,63000
2022,SE,FT,Analytics Engineer,63000,USD,US,0,US,M,63000
2022,SE,FT,Data Engineer,63000,USD,US,0,US,M,63000
2022,SE,FT,ETL Developer,63000,USD,US,0,US,M,63000
2022,SE,FT,Data Architect,63000,USD,US,0,US,M,63000
2022,SE,FT,Data Engineer,63000,USD,US,0,US,M,63000
2022,SE,FT,Data Engineer,63000,USD,US,0,US,M,63000
2022,SE,FT,Data Architect,63000,USD,US,0,US,M,63000
2022,SE,FT,Data Engineer,63000,USD,US,0,US,M,63000
2022,SE,FT,Machine Learning Engineer,60000,EUR,FI,50,FI,S,63172
2022,MI,FT,Data Engineer,60000,EUR,ES,100,ES,M,63172
2022,MI,FT,Data Engineer,60000,EUR,GR,100,GR,M,63172
2021,MI,FT,ML Engineer,7000000,JPY,JP,50,JP,S,63711
2021,MI,FT,Research Scientist,80000,CAD,CA,100,CA,M,63810
2021,EN,FT,Data Science Consultant,54000,EUR,DE,50,DE,L,63831
2021,SE,FT,Data Analyst,54000,EUR,DE,50,DE,L,63831
2022,MI,FT,Data Engineer,63900,USD,US,0,US,M,63900
2022,EN,FT,Data Analyst,64000,USD,US,100,US,L,64000
2022,MI,FT,Data Analyst,65000,USD,US,0,US,M,65000
2022,SE,FT,Machine Learning Engineer,65000,USD,AE,100,AE,S,65000
2022,EN,FT,Data Engineer,65000,USD,US,100,US,S,65000
2021,EN,FT,Data Engineer,55000,EUR,DE,50,DE,M,65013
2022,MI,FT,Data Analyst,90000,SGD,SG,50,SG,M,65161
2022,MI,FT,Data Engineer,62000,EUR,FR,100,FR,M,65278
2022,MI,FT,Data Engineer,62500,EUR,DE,50,DE,S,65804
2022,SE,FT,Data Architect,66000,USD,US,100,US,M,66000
2022,SE,FT,Data Operations Analyst,66000,USD,US,100,US,M,66000
2021,MI,FT,Data Engineer,48000,GBP,HK,50,GB,S,66022
2021,SE,FT,Machine Learning Engineer,4900000,INR,IN,0,IN,L,66265
2022,EN,FT,Data Analyst,67000,USD,CA,0,CA,M,67000
2022,MI,FT,Data Scientist,88000,CAD,CA,100,CA,M,68096
2022,MI,FT,Data Engineer,55000,GBP,GB,100,GB,M,68120
2022,MI,FT,Data Engineer,55000,GBP,GB,100,GB,M,68120
2022,MI,FT,Data Engineer,55000,GBP,GB,100,GB,M,68120
2022,MI,FT,Data Scientist,55000,GBP,GB,0,GB,M,68120
2022,SE,FT,Data Analyst,68400,USD,US,100,US,M,68400
2020,SE,FT,Data Scientist,60000,EUR,GR,100,US,L,68428
2022,SE,FT,Machine Learning Engineer,65000,EUR,IE,100,IE,S,68436
2022,SE,FT,Data Analyst,69000,USD,US,100,US,M,69000
2022,SE,FT,Lead Machine Learning Engineer,66000,EUR,PT,100,PT,L,69489
2022,MI,FT,Business Data Analyst,90000,CAD,CA,50,CA,L,69643
2021,MI,PT,Data Engineer,59000,EUR,NL,100,NL,L,69741
2021,EX,FT,Data Science Consultant,59000,EUR,FR,100,ES,S,69741
2021,MI,FT,Research Scientist,69999,USD,CZ,50,CZ,L,69999
2022,SE,FT,Data Operations Engineer,70000,USD,US,0,US,M,70000
2022,SE,FT,Data Specialist,70000,USD,US,100,US,M,70000
2020,EN,FT,Big Data Engineer,70000,USD,US,100,US,L,70000
2021,EN,FT,Computer Vision Software Engineer,70000,USD,US,100,US,M,70000
2020,MI,FT,Data Engineer,61500,EUR,FR,50,FR,L,70139
2022,SE,FT,Data Engineer,70500,USD,US,0,US,M,70500
2021,SE,FT,Data Analyst,90000,CAD,CA,100,CA,M,71786
2020,EN,FT,Data Analyst,72000,USD,US,100,US,L,72000
2021,MI,FT,Data Engineer,52500,GBP,GB,50,GB,L,72212
2021,EN,FT,Data Engineer,72500,USD,US,100,US,L,72500
2022,EN,FT,Data Scientist,73000,USD,US,0,US,M,73000
2021,MI,FT,Data Scientist,73000,USD,US,0,US,L,73000
2022,SE,FT,Data Engineer,70000,EUR,PT,0,PT,M,73701
2022,MI,FT,Data Scientist,70000,EUR,NL,50,NL,L,73701
2022,MI,FT,Data Engineer,70000,EUR,GR,100,GR,M,73701
2022,MI,FT,Data Engineer,70000,EUR,ES,100,ES,M,73701
2022,MI,FT,Data Engineer,70000,EUR,ES,100,ES,M,73701
2022,MI,FT,Data Engineer,70000,EUR,GR,100,GR,M,73701
2021,MI,FT,Machine Learning Engineer,74000,USD,JP,50,JP,S,74000
2020,MI,FT,Data Engineer,65000,EUR,AT,50,AT,L,74130
2022,EN,FT,Data Scientist,96000,CAD,CA,100,CA,L,74286
2022,MI,FT,Data Engineer,60000,GBP,GB,0,GB,M,74313
2022,MI,FT,Data Engineer,60000,GBP,GB,100,GB,M,74313
2022,MI,FT,Data Engineer,60000,GBP,GB,100,GB,M,74313
2022,MI,FT,Data Engineer,60000,GBP,GB,0,GB,M,74313
2022,SE,FT,Data Engineer,60000,GBP,GB,0,GB,M,74313
2022,MI,FT,Financial Data Analyst,75000,USD,US,0,US,M,75000
2022,MI,FT,Applied Machine Learning Scientist,75000,USD,BO,100,US,M,75000
2022,MI,FT,Data Analyst,75000,USD,CA,0,CA,M,75000
2022,MI,FT,Applied Machine Learning Scientist,75000,USD,BO,100,US,L,75000
2022,MI,FT,Principal Data Analyst,75000,USD,CA,100,CA,S,75000
2021,MI,FT,Data Analyst,75000,USD,US,0,US,L,75000
2021,MI,FT,Data Engineer,100000,AUD,AU,50,AU,L,75050
2021,MI,FT,Data Scientist,95000,CAD,CA,100,CA,L,75774
2022,MI,FT,Data Scientist,72000,EUR,DE,100,DE,S,75806
2022,EN,FT,BI Analyst,76000,USD,US,50,US,L,76000
2021,EN,FT,Data Science Consultant,65000,EUR,DE,100,DE,S,76833
2021,EN,FT,Data Science Consultant,65000,EUR,DE,0,DE,L,76833
2021,SE,FT,Data Engineer,65000,EUR,RO,50,GB,S,76833
2020,MI,FT,Data Scientist,60000,GBP,GB,100,GB,S,76958
2022,EX,FT,Head of Machine Learning,6000000,INR,IN,50,IN,L,76967
2022,SE,FT,Applied Machine Learning Scientist,73400,EUR,FR,100,GB,L,77280
2021,MI,FT,ML Engineer,8500000,JPY,JP,50,JP,S,77364
2022,MI,FT,Machine Learning Developer,100000,CAD,CA,100,CA,M,77382
2022,SE,FT,Machine Learning Developer,100000,CAD,CA,100,CA,M,77382
2021,SE,FT,Data Scientist,65720,EUR,FR,50,FR,M,77684
2022,MI,FT,Data Scientist,78000,USD,US,100,US,M,78000
2022,MI,FT,Analytics Engineer,78000,USD,BR,100,BR,M,78000
2022,MI,FT,Data Engineer,78000,USD,BR,100,BR,M,78000
2022,MI,FT,BI Analyst,78000,USD,BR,100,BR,M,78000
2022,MI,FT,Data Scientist,78000,USD,US,100,US,M,78000
2021,SE,FT,Data Analytics Engineer,67000,EUR,DE,100,DE,L,79197
2020,EX,FT,Data Engineering Manager,70000,EUR,ES,50,ES,L,79833
2020,MI,FT,Data Scientist,70000,EUR,DE,0,DE,L,79833
2022,SE,FT,Data Analyst,80000,USD,US,0,US,M,80000
2022,MI,FT,Data Analyst,80000,USD,US,0,US,M,80000
2022,EN,FT,Data Scientist,80000,USD,US,100,US,L,80000
2022,SE,FT,Data Engineer,80000,USD,US,100,US,M,80000
2022,EN,FT,Data Engineer,80000,USD,US,100,US,L,80000
2022,SE,FT,Data Engineer,80000,USD,US,0,US,L,80000
2022,SE,FT,Data Scientist,80000,USD,US,0,US,M,80000
2022,SE,FT,Data Analyst,80000,USD,US,100,US,M,80000
2022,SE,FT,Data Engineer,80000,USD,US,100,US,M,80000
2021,EN,FT,Data Scientist,80000,USD,US,100,US,M,80000
2021,EN,FT,Data Engineer,80000,USD,US,100,US,L,80000
2021,SE,FT,Data Analyst,80000,USD,BG,100,US,S,80000
2021,EN,FT,Data Analyst,80000,USD,US,100,US,M,80000
2021,MI,FT,Data Analyst,80000,USD,US,100,US,L,80000
2022,MI,FT,Data Engineer,65000,GBP,GB,100,GB,M,80505
2022,MI,FT,Data Engineer,65000,GBP,GB,100,GB,M,80505
2022,MI,FT,Data Scientist,65000,GBP,GB,50,GB,M,80505
2022,SE,FT,Analytics Engineer,65004,GBP,GB,100,GB,M,80510
2022,SE,FT,Data Operations Analyst,81000,USD,US,100,US,M,81000
2021,EN,FT,Machine Learning Engineer,81000,USD,US,50,US,S,81000
2022,SE,FT,Data Architect,81500,USD,US,0,US,M,81500
2022,SE,FT,Data Analyst,81666,USD,US,100,US,M,81666
2022,SE,FT,Data Analyst,81666,USD,US,0,US,M,81666
2022,SE,FT,Data Analyst,81666,USD,US,100,US,M,81666
2022,EN,FT,Data Scientist,82000,USD,US,0,US,L,82000
2021,MI,FT,Data Scientist,82500,USD,US,100,US,S,82500
2021,MI,FT,Data Engineer,60000,GBP,GB,100,GB,L,82528
2021,EN,FT,Research Scientist,60000,GBP,GB,50,GB,L,82528
2021,SE,FT,Machine Learning Engineer,70000,EUR,BE,50,BE,M,82744
2022,SE,FT,Data Engineer,66822,GBP,GB,100,GB,M,82762
2022,MI,FT,Data Engineer,82900,USD,US,0,US,M,82900
2022,EN,FT,Machine Learning Engineer,83000,USD,US,0,US,L,83000
2022,MI,FT,Data Scientist,120000,AUD,AU,0,AU,L,83793
2022,EN,FT,Data Scientist,120000,AUD,AU,50,AU,M,83793
2022,MI,FT,Data Scientist,84000,USD,BR,100,BR,M,84000
2022,SE,FT,ML Engineer,84000,USD,US,100,US,M,84000
2022,MI,FT,Research Scientist,80000,EUR,DE,0,DE,S,84229
2022,MI,FT,Data Engineer,80000,EUR,GR,100,GR,M,84229
2022,MI,FT,Data Engineer,80000,EUR,ES,100,ES,M,84229
2022,EN,FT,Data Scientist,80000,EUR,BE,100,BE,L,84229
2022,EX,FT,Research Scientist,80000,EUR,NL,0,NL,L,84229
2022,MI,FT,Machine Learning Engineer,80000,EUR,FR,100,DE,M,84229
2022,MI,FT,Data Engineer,80000,EUR,ES,100,ES,M,84229
2022,MI,FT,Data Engineer,80000,EUR,GR,100,GR,M,84229
2022,SE,FT,Lead Machine Learning Engineer,80000,EUR,DE,0,DE,M,84229
2022,MI,FT,Machine Learning Engineer,121000,AUD,AU,100,AU,L,84491
2022,SE,FT,Data Analyst,84900,USD,US,100,US,M,84900
2022,MI,FT,Data Scientist,85000,USD,US,100,US,M,85000
2022,MI,FT,Data Analyst,85000,USD,US,0,US,M,85000
2022,MI,FT,Analytics Engineer,85000,USD,US,100,US,M,85000
2022,SE,FT,Data Engineer,85000,USD,US,100,US,M,85000
2022,SE,FT,Data Engineer,85000,USD,US,100,US,M,85000
2022,SE,FT,Data Engineer,85000,USD,US,100,US,M,85000
2022,SE,FT,Data Engineer,85000,USD,US,100,US,M,85000
2022,SE,FT,Machine Learning Engineer,85000,USD,US,100,US,M,85000
2022,MI,FT,Data Analyst,85000,USD,CA,0,CA,M,85000
2021,EX,FT,Head of Data Science,85000,USD,RU,0,RU,M,85000
2021,EN,FT,Machine Learning Engineer,85000,USD,NL,100,DE,S,85000
2020,MI,FT,Data Analyst,85000,USD,US,100,US,L,85000
2022,SE,FT,Data Analyst,85700,USD,US,0,US,M,85700
2022,EN,FT,Data Engineer,86000,USD,US,100,US,L,86000
2022,MI,FT,Data Engineer,70000,GBP,GB,100,GB,M,86698
2022,SE,FT,Data Analyst,70000,GBP,GB,0,GB,M,86698
2022,MI,FT,Data Engineer,70000,GBP,GB,100,GB,M,86698
2022,MI,FT,Data Scientist,70000,GBP,GB,0,GB,M,86698
2020,MI,FT,Lead Data Analyst,87000,USD,US,100,US,L,87000
2021,SE,FT,Data Scientist,110000,CAD,CA,100,CA,S,87738
2022,SE,FT,Data Scientist,88100,USD,US,0,US,M,88100
2022,SE,FT,Data Scientist,88100,USD,US,0,US,M,88100
2021,SE,FT,Marketing Data Analyst,75000,EUR,GR,100,DK,L,88654
2021,MI,FT,Machine Learning Engineer,75000,EUR,BE,100,BE,M,88654
2021,MI,FT,Data Scientist,75000,EUR,DE,50,DE,L,88654
2022,SE,FT,Data Analyst,89200,USD,US,100,US,M,89200
2021,MI,FT,Cloud Data Engineer,120000,SGD,SG,50,SG,L,89294
2022,MI,FT,Data Scientist,85000,EUR,NL,0,NL,M,89494
2022,SE,FT,Research Scientist,85000,EUR,FR,50,FR,L,89494
2022,MI,FT,Machine Learning Engineer,90000,USD,US,0,US,M,90000
2022,SE,FT,Data Engineer,90000,USD,US,100,US,M,90000
2022,SE,CT,Data Analyst,90000,USD,US,100,US,M,90000
2022,SE,FT,Data Engineer,90000,USD,US,0,US,M,90000
2022,MI,FT,Data Scientist,90000,USD,US,0,US,M,90000
2021,MI,FT,Data Analyst,90000,USD,US,100,US,M,90000
2021,MI,FT,Data Engineer,90000,USD,US,100,US,L,90000
2021,EN,FT,Data Analyst,90000,USD,US,100,US,S,90000
2021,EN,FT,Data Scientist,90000,USD,US,100,US,S,90000
2021,EN,FT,Data Science Consultant,90000,USD,US,100,US,S,90000
2022,SE,FT,Data Analyst,90320,USD,US,0,US,M,90320
2022,SE,FT,Data Analyst,90320,USD,US,100,US,M,90320
2022,SE,FT,Data Analyst,90320,USD,US,100,US,M,90320
2022,SE,FT,Data Analyst,90320,USD,US,100,US,M,90320
2022,SE,FT,Data Analyst,90320,USD,US,100,US,M,90320
2022,SE,FT,Data Analyst,90320,USD,US,100,US,M,90320
2022,SE,FT,Data Architect,90700,USD,CA,100,CA,M,90700
2021,MI,FT,Data Scientist,76760,EUR,DE,50,DE,L,90734
2021,MI,FT,Data Scientist,76760,EUR,DE,50,DE,L,90734
2020,EN,FT,Data Analyst,91000,USD,US,100,US,L,91000
2020,SE,FT,Data Scientist,80000,EUR,AT,0,AT,S,91237
2022,MI,FT,Data Engineer,74000,GBP,GB,0,GB,M,91652
2022,SE,FT,Data Scientist,92000,USD,US,100,US,L,92000
2022,SE,FT,Data Scientist,92000,USD,US,100,US,L,92000
2022,SE,FT,Data Operations Analyst,92250,USD,US,0,US,M,92250
2022,SE,FT,Analytics Engineer,75000,GBP,GB,0,GB,M,92891
2022,MI,FT,Data Engineer,75000,GBP,GB,0,GB,M,92891
2022,MI,FT,Data Engineer,75000,GBP,GB,100,GB,M,92891
2022,MI,FT,Machine Learning Engineer,75000,GBP,GB,0,GB,M,92891
2022,MI,FT,Data Engineer,75000,GBP,GB,0,GB,M,92891
2022,MI,FT,Data Engineer,75000,GBP,GB,100,GB,M,92891
2022,EN,FT,Data Scientist,93000,USD,US,0,US,M,93000
2021,MI,FT,Data Analyst,93000,USD,US,100,US,L,93000
2021,MI,FT,Data Engineer,93150,USD,US,0,US,M,93150
2022,SE,FT,Data Analyst,93700,USD,US,100,US,M,93700
2022,SE,FT,Data Analyst,93700,USD,US,100,US,M,93700
2022,SE,FT,Data Engineer,93700,USD,US,100,US,M,93700
2021,SE,FT,Machine Learning Engineer,80000,EUR,DE,50,DE,L,94564
2021,SE,FT,Data Science Manager,7000000,INR,IN,50,IN,L,94665
2022,SE,FT,Data Analyst,95000,USD,US,0,US,M,95000
2022,SE,FT,Data Analyst,95000,USD,US,0,US,M,95000
2022,SE,FT,Data Analyst,95000,USD,US,100,US,M,95000
2022,SE,FT,Data Specialist,95000,USD,US,100,US,M,95000
2022,SE,FT,Data Scientist,95550,USD,US,0,US,M,95550
2021,MI,FT,Computer Vision Software Engineer,81000,EUR,DE,100,US,S,95746
2021,SE,FT,Research Scientist,120500,CAD,CA,50,CA,L,96113
2022,SE,FT,Lead Machine Learning Engineer,7500000,INR,IN,50,IN,L,96209
2021,SE,FT,Data Engineer,70000,GBP,GB,50,GB,L,96282
2022,SE,FT,Data Engineer,97000,USD,US,100,US,M,97000
2022,MI,FT,Data Analyst,97500,USD,US,100,US,L,97500
2022,MI,FT,Data Manager,98000,USD,US,0,US,M,98000
2022,MI,FT,Data Manager,98000,USD,US,0,US,M,98000
2020,MI,FT,BI Data Analyst,98000,USD,US,0,US,M,98000
2022,MI,FT,ML Engineer,98200,USD,US,100,US,L,98200
2022,SE,FT,Data Engineer,99000,USD,US,0,US,M,99000
2022,SE,FT,Data Analyst,99000,USD,US,0,US,M,99000
2022,SE,FT,Data Analyst,99000,USD,US,0,US,M,99000
2022,SE,FT,Data Analyst,99000,USD,US,0,US,M,99000
2022,SE,FT,Data Analyst,99050,USD,US,100,US,M,99050
2022,MI,FT,Data Engineer,80000,GBP,GB,100,GB,M,99084
2022,MI,FT,Data Engineer,80000,GBP,GB,0,GB,M,99084
2022,MI,FT,Data Engineer,80000,GBP,GB,100,GB,M,99084
2022,SE,FT,Data Scientist,80000,GBP,GB,0,GB,M,99084
2022,SE,FT,Data Engineer,99100,USD,US,0,US,M,99100
2022,MI,FT,Data Engineer,99100,USD,US,0,US,M,99100
2022,SE,FT,Data Scientist,99360,USD,US,100,US,M,99360
2022,SE,FT,Data Analyst,99450,USD,US,100,US,M,99450
2022,SE,FT,Data Analyst,99450,USD,US,100,US,M,99450
2021,SE,FT,Big Data Architect,125000,CAD,CA,50,CA,M,99703
2022,SE,FT,Data Analyst,99750,USD,US,100,US,M,99750
2022,MI,FT,Data Scientist,100000,USD,US,100,US,M,100000
2022,SE,FT,Data Engineer,100000,USD,US,0,US,M,100000
2022,MI,FT,Data Analyst,100000,USD,US,100,US,M,100000
2022,SE,FT,Data Analyst,100000,USD,US,0,US,M,100000
2022,SE,FT,Data Analyst,100000,USD,US,100,US,M,100000
2022,MI,FT,ML Engineer,100000,USD,US,100,US,M,100000
2022,EN,FT,Data Scientist,100000,USD,US,100,US,M,100000
2022,MI,FT,Data Operations Engineer,100000,USD,US,100,US,M,100000
2022,MI,FT,Data Operations Engineer,100000,USD,US,100,US,M,100000
2022,MI,FT,Data Engineer,100000,USD,US,0,US,M,100000
2022,SE,FT,Analytics Engineer,100000,USD,US,100,US,M,100000
2022,MI,FT,Data Operations Engineer,100000,USD,US,100,US,M,100000
2022,SE,FT,Data Engineer,100000,USD,US,100,US,M,100000
2022,SE,FT,Data Engineer,100000,USD,US,0,US,L,100000
2022,SE,FT,Data Scientist,100000,USD,US,0,US,L,100000
2022,SE,FT,Machine Learning Engineer,100000,USD,US,100,US,M,100000
2022,SE,FT,Business Data Analyst,100000,USD,US,100,US,L,100000
2022,SE,FT,Data Engineer,100000,USD,US,100,US,M,100000
2022,SE,FT,Data Analyst,100000,USD,US,100,US,M,100000
2022,SE,FT,Data Engineer,100000,USD,US,100,US,M,100000
2022,SE,FT,Data Analyst,100000,USD,US,100,US,M,100000
2022,SE,FT,Data Engineer,100000,USD,US,100,US,M,100000
2022,SE,FT,Data Scientist,100000,USD,BR,100,US,M,100000
2022,MI,FL,Data Scientist,100000,USD,CA,100,US,M,100000
2021,EN,FT,Data Scientist,100000,USD,US,0,US,S,100000
2022,EN,PT,Data Scientist,100000,USD,DZ,50,DZ,M,100000
2022,EN,FT,Financial Data Analyst,100000,USD,US,50,US,L,100000
2021,EN,FT,Machine Learning Developer,100000,USD,IQ,50,IQ,S,100000
2021,MI,FT,Data Engineer,100000,USD,US,100,US,L,100000
2021,MI,FT,BI Data Analyst,100000,USD,US,100,US,M,100000
2021,EN,FT,Research Scientist,100000,USD,JE,0,CN,L,100000
2021,EN,FT,Data Scientist,100000,USD,US,100,US,M,100000
2020,EN,CT,Business Data Analyst,100000,USD,US,100,US,L,100000
2022,SE,FT,Data Engineer,100800,USD,US,100,US,L,100800
2022,SE,FT,Data Scientist,101570,USD,US,100,US,M,101570
2022,SE,FT,Data Engineer,101570,USD,US,100,US,M,101570
2022,SE,FT,Data Engineer,102100,USD,US,0,US,M,102100
2022,SE,FT,Data Engineer,102100,USD,US,0,US,M,102100
2022,SE,FT,Data Architect,102100,USD,US,0,US,M,102100
2022,SE,FT,Data Analyst,102100,USD,US,100,US,M,102100
2022,MI,FT,Data Scientist,102100,USD,US,0,US,M,102100
2022,MI,FT,Data Scientist,83000,GBP,GB,100,GB,M,102799
2021,SE,FT,Head of Data,87000,EUR,SI,100,SI,L,102839
2020,MI,FT,Data Science Consultant,103000,USD,US,100,US,L,103000
2021,SE,FT,Lead Data Engineer,75000,GBP,GB,100,GB,S,103160
2022,SE,FT,Analytics Engineer,83376,GBP,GB,100,GB,M,103265
2021,SE,FT,Data Scientist,130000,CAD,CA,100,CA,L,103691
2022,SE,FT,Data Scientist,104000,USD,US,100,US,M,104000
2022,SE,FT,Analytics Engineer,84000,GBP,GB,0,GB,M,104038
2022,SE,FT,Data Scientist,104300,USD,US,0,US,L,104300
2022,SE,FT,Data Scientist,104890,USD,US,100,US,M,104890
2022,SE,FT,Data Operations Engineer,105000,USD,US,0,US,M,105000
2022,MI,FT,Data Analyst,105000,USD,US,0,US,M,105000
2022,EN,FT,Data Specialist,105000,USD,CL,100,US,L,105000
2022,SE,FT,Data Engineer,105000,USD,US,100,US,M,105000
2022,SE,FT,Data Engineer,105000,USD,US,0,US,M,105000
2022,SE,FT,Data Analyst,105000,USD,US,100,US,M,105000
2022,SE,FT,Data Engineer,105000,USD,US,100,US,M,105000
2020,MI,FT,Data Scientist,105000,USD,US,100,US,L,105000
2021,SE,CT,Staff Data Scientist,105000,USD,US,100,US,M,105000
2020,EN,FT,Data Scientist,105000,USD,US,100,US,S,105000
2022,SE,FT,Data Engineer,84958,GBP,GB,100,GB,M,105224
2022,MI,FT,Data Engineer,85000,GBP,GB,0,GB,M,105276
2022,SE,FT,Data Analytics Manager,105400,USD,US,100,US,M,105400
2022,SE,FT,Data Engineer,105700,USD,US,0,US,L,105700
2020,MI,FT,Data Engineer,106000,USD,US,100,US,L,106000
2022,MI,FT,Data Analyst,106260,USD,US,0,US,M,106260
2022,SE,FT,Data Analyst,106260,USD,US,100,US,M,106260
2022,SE,FT,Data Scientist,106800,USD,US,100,US,M,106800
2022,EN,FT,Machine Learning Engineer,108000,USD,US,0,US,S,108000
2022,MI,FT,Data Scientist,108000,USD,US,50,US,L,108000
2022,MI,FT,Analytics Engineer,108000,USD,US,100,US,M,108000
2022,SE,FT,Applied Machine Learning Scientist,108000,USD,US,0,US,L,108000
2022,SE,FT,Data Engineer,108800,USD,US,0,US,M,108800
2021,MI,FT,Data Scientist,109000,USD,US,50,US,L,109000
2020,SE,FT,Big Data Engineer,85000,GBP,GB,50,GB,M,109024
2022,SE,FT,Data Analyst,109280,USD,US,100,US,M,109280
2022,SE,FT,Data Analyst,109280,USD,US,100,US,M,109280
2022,SE,FT,Data Analytics Manager,109280,USD,US,100,US,M,109280
2022,SE,FT,Data Engineer,110000,USD,US,100,US,M,110000
2022,SE,FT,Data Engineer,110000,USD,US,0,US,M,110000
2022,SE,FT,Data Engineer,110000,USD,US,0,US,M,110000
2022,SE,FT,Analytics Engineer,110000,USD,US,100,US,M,110000
2022,SE,FT,Machine Learning Engineer,110000,USD,CA,0,CA,M,110000
2022,SE,FT,Analytics Engineer,110000,USD,US,100,US,M,110000
2022,SE,FT,Data Analyst,110000,USD,US,0,US,M,110000
2022,EN,PT,Data Scientist,110000,USD,DO,100,FR,M,110000
2022,EX,FT,Data Analyst,110000,USD,US,100,US,M,110000
2021,MI,FT,Data Analytics Engineer,110000,USD,US,100,US,L,110000
2021,MI,FT,Head of Data Science,110000,USD,US,0,US,S,110000
2021,MI,FT,Data Engineer,110000,USD,US,100,US,L,110000
2020,MI,FT,Data Engineer,110000,USD,US,100,US,L,110000
2021,EN,FT,Applied Data Scientist,80000,GBP,GB,0,GB,L,110037
2022,SE,FT,Data Engineer,110500,USD,US,100,US,M,110500
2022,SE,FT,Data Analyst,110600,USD,US,0,US,M,110600
2022,SE,FT,Data Analyst,110600,USD,US,0,US,M,110600
2022,SE,FT,Data Analyst,110600,USD,US,0,US,M,110600
2022,SE,FT,Data Analyst,110925,USD,US,100,US,M,110925
2022,SE,FT,Data Analyst,110925,USD,US,100,US,M,110925
2022,MI,FT,Data Engineer,90000,GBP,GB,0,GB,M,111469
2022,MI,FT,Data Scientist,90000,GBP,GB,0,GB,M,111469
2022,MI,FT,Data Engineer,90000,GBP,GB,0,GB,M,111469
2022,SE,FT,Data Scientist,90000,GBP,GB,0,GB,M,111469
2021,MI,FT,Data Engineer,111775,USD,US,0,US,M,111775
2022,MI,FT,Data Analyst,112000,USD,US,100,US,M,112000
2021,MI,FT,Data Engineer,112000,USD,US,100,US,L,112000
2022,MI,FT,Machine Learning Scientist,112300,USD,US,100,US,L,112300
2020,MI,FT,Data Engineer,88000,GBP,GB,50,GB,L,112872
2022,SE,FT,Data Analyst,112900,USD,US,0,US,M,112900
2022,SE,FT,Data Analyst,112900,USD,US,100,US,M,112900
2022,SE,FT,Data Analyst,112900,USD,US,100,US,M,112900
2022,SE,FT,Data Analyst,112900,USD,US,100,US,M,112900
2022,SE,FT,Data Analyst,112900,USD,US,100,US,M,112900
2022,SE,FT,Data Analyst,113000,USD,US,100,US,M,113000
2022,MI,FT,Data Analyst,113000,USD,US,0,US,L,113000
2022,MI,FT,Data Analytics Consultant,113000,USD,US,100,US,L,113000
2022,SE,FT,Data Engineer,113000,USD,US,0,US,L,113000
2021,SE,FT,Director of Data Engineering,82500,GBP,GB,100,GB,M,113476
2022,SE,FT,Data Architect,113900,USD,US,100,US,M,113900
2020,SE,FT,Big Data Engineer,100000,EUR,PL,100,GB,S,114047
2022,SE,FT,Data Engineer,115000,USD,US,0,US,M,115000
2022,SE,FT,Data Analyst,115000,USD,US,100,US,M,115000
2022,SE,FT,Data Engineer,115000,USD,US,0,US,M,115000
2022,SE,FT,Data Analyst,115000,USD,US,0,US,L,115000
2022,SE,FT,Data Engineer,115000,USD,US,100,US,M,115000
2022,EN,FT,Machine Learning Engineer,115000,USD,US,50,US,L,115000
2022,SE,FT,Data Engineer,115000,USD,US,100,US,M,115000
2022,SE,FT,Data Engineer,115000,USD,US,100,US,M,115000
2021,SE,FT,Data Engineer,115000,USD,US,100,US,S,115000
2020,MI,FT,Lead Data Scientist,115000,USD,AE,0,AE,L,115000
2021,MI,FT,Data Scientist,115000,USD,US,50,US,L,115000
2022,MI,FT,Data Scientist,115360,USD,US,100,US,M,115360
2022,MI,FT,Data Analyst,115500,USD,US,100,US,M,115500
2022,MI,FT,Data Scientist,110000,EUR,NL,0,NL,M,115816
2022,SE,FT,Data Analyst,115934,USD,US,100,US,M,115934
2022,SE,FT,Data Analyst,115934,USD,US,0,US,M,115934
2022,SE,FT,Data Analyst,115934,USD,US,100,US,M,115934
2022,SE,FT,Data Analyst,116000,USD,US,0,US,M,116000
2022,EX,FT,Lead Data Engineer,150000,CAD,CA,100,CA,S,116073
2022,SE,FT,Machine Learning Engineer,116100,USD,CA,100,CA,M,116100
2022,EX,FT,Data Engineer,116100,USD,US,100,US,M,116100
2022,SE,FT,Data Analyst,116150,USD,US,100,US,M,116150
2021,MI,FT,Data Scientist,85000,GBP,GB,50,GB,L,116914
2022,SE,FT,Data Engineer,117000,USD,US,0,US,M,117000
2022,SE,FT,Data Analyst,117000,USD,US,100,US,M,117000
2022,SE,FT,Data Analyst,117000,USD,US,100,US,M,117000
2020,SE,FT,Machine Learning Manager,157000,CAD,CA,50,CA,L,117104
2022,MI,FT,Machine Learning Engineer,95000,GBP,GB,0,GB,M,117662
2020,MI,FT,Data Scientist,118000,USD,US,100,US,M,118000
2022,MI,FT,Data Scientist,96000,GBP,GB,0,GB,M,118900
2022,SE,FT,Data Analyst,119000,USD,US,0,US,M,119000
2021,MI,FT,Data Scientist,160000,SGD,SG,100,IL,M,119059
2022,SE,FT,Data Scientist,119300,USD,US,0,US,L,119300
2022,SE,FT,Data Scientist,119300,USD,US,0,US,L,119300
2022,MI,FT,Data Scientist,120000,USD,US,100,US,M,120000
2022,SE,FT,Data Analyst,120000,USD,US,0,US,M,120000
2022,SE,FT,Data Scientist,120000,USD,US,100,US,S,120000
2022,SE,FT,Analytics Engineer,120000,USD,US,0,US,M,120000
2022,SE,FT,Data Scientist,120000,USD,US,100,US,M,120000
2022,MI,FT,AI Scientist,120000,USD,US,0,US,M,120000
2022,SE,FT,Data Scientist,120000,USD,US,0,US,L,120000
2022,SE,FT,Machine Learning Engineer,120000,USD,US,100,US,M,120000
2022,MI,FT,Data Scientist,120000,USD,US,100,US,M,120000
2022,SE,FT,Machine Learning Engineer,120000,USD,AE,100,AE,S,120000
2022,MI,FT,Machine Learning Engineer,120000,USD,US,100,US,S,120000
2022,EN,FT,Research Scientist,120000,USD,US,100,US,L,120000
2022,EN,FT,Data Engineer,120000,USD,US,100,US,M,120000
2021,SE,FT,Machine Learning Scientist,120000,USD,US,50,US,S,120000
2021,SE,FT,Data Analytics Manager,120000,USD,US,100,US,M,120000
2021,SE,FT,Data Analytics Manager,120000,USD,US,0,US,L,120000
2020,SE,FT,Data Scientist,120000,USD,US,50,US,L,120000
2022,SE,FT,Data Scientist,120160,USD,US,100,US,M,120160
2022,MI,FT,Data Scientist,115000,CHF,CH,0,CH,L,120221
2022,SE,FT,Data Analyst,120600,USD,US,100,US,M,120600
2022,SE,FT,Data Science Consultant,122000,USD,US,0,US,M,122000
2022,SE,FT,Data Scientist,122500,USD,US,0,US,M,122500
2022,SE,FT,Analytics Engineer,122500,USD,US,100,US,M,122500
2022,SE,FT,Data Operations Analyst,123000,USD,US,0,US,M,123000
2022,SE,FT,Data Scientist,123000,USD,US,100,US,M,123000
2022,SE,FT,Data Scientist,123000,USD,US,100,US,M,123000
2022,SE,FT,Data Scientist,123000,USD,US,100,US,M,123000
2022,SE,FT,Data Scientist,123400,USD,US,0,US,M,123400
2022,SE,FT,Data Scientist,123400,USD,US,0,US,M,123400
2022,SE,FT,Data Analyst,124190,USD,US,100,US,M,124190
2022,SE,FT,ETL Developer,124270,USD,US,100,US,M,124270
2022,EN,FT,Computer Vision Engineer,125000,USD,US,0,US,M,125000
2021,EN,FT,Machine Learning Engineer,125000,USD,US,100,US,S,125000
2020,SE,FT,Lead Data Engineer,125000,USD,NZ,50,NZ,S,125000
2022,EN,PT,Data Analyst,125404,USD,CN,50,US,S,125404
2022,SE,FT,Data Engineer,126000,USD,US,100,US,M,126000
2022,SE,FT,Data Engineer,126000,USD,US,100,US,M,126000
2022,MI,FT,Research Scientist,120000,EUR,DE,0,DE,S,126344
2022,MI,FT,Data Analyst,126500,USD,US,0,US,M,126500
2022,SE,FT,Data Analyst,126500,USD,US,100,US,M,126500
2022,EX,FT,Data Manager,164000,CAD,CA,50,CA,L,126906
2022,SE,FT,Data Analyst,127000,USD,US,0,US,M,127000
2021,SE,FT,Data Science Engineer,159500,CAD,CA,50,CA,L,127221
2022,SE,FT,Data Architect,128000,USD,US,0,US,M,128000
2022,SE,FT,Data Scientist,128000,USD,US,100,US,M,128000
2022,MI,FT,Machine Learning Engineer,104000,GBP,GB,50,GB,L,128809
2022,SE,FT,Data Analyst,128875,USD,US,100,US,M,128875
2022,SE,FT,Data Analyst,128875,USD,US,100,US,M,128875
2022,SE,FT,Data Engineer,128875,USD,US,100,US,M,128875
2022,EN,FT,Data Engineer,129000,USD,US,100,US,L,129000
2022,SE,FT,Data Analyst,129000,USD,US,0,US,M,129000
2022,SE,FT,Data Scientist,129300,USD,US,0,US,M,129300
2022,SE,FT,Data Engineer,129300,USD,US,0,US,M,129300
2022,SE,FT,Data Scientist,129300,USD,US,0,US,M,129300
2022,SE,FT,Data Scientist,129300,USD,US,0,US,M,129300
2022,SE,FT,Data Engineer,129300,USD,US,0,US,M,129300
2022,SE,FT,Data Scientist,129300,USD,US,0,US,M,129300
2022,SE,FT,Data Scientist,129300,USD,US,0,US,M,129300
2022,SE,FT,Data Engineer,129300,USD,US,0,US,M,129300
2022,SE,FT,Data Engineer,129300,USD,US,0,US,M,129300
2022,SE,FT,Machine Learning Scientist,129300,USD,US,0,US,M,129300
2022,SE,FT,Machine Learning Engineer,129300,USD,US,0,US,M,129300
2022,MI,FT,Machine Learning Engineer,129300,USD,US,0,US,M,129300
2022,MI,FT,Machine Learning Engineer,130000,USD,US,0,US,M,130000
2022,SE,FT,Data Engineer,130000,USD,US,0,US,M,130000
2022,SE,FT,Data Analyst,130000,USD,US,0,US,M,130000
2022,SE,FT,Data Engineer,130000,USD,US,0,US,M,130000
2022,SE,FT,Data Engineer,130000,USD,US,0,US,M,130000
2022,SE,FT,Data Scientist,130000,USD,US,100,US,M,130000
2022,SE,FT,Data Engineer,130000,USD,US,0,US,M,130000
2022,SE,FT,Analytics Engineer,130000,USD,US,100,US,M,130000
2022,SE,FT,Analytics Engineer,130000,USD,US,100,US,M,130000
2022,SE,FT,ML Engineer,130000,USD,US,100,US,M,130000
2022,SE,FT,Data Engineer,130000,USD,US,0,US,M,130000
2022,SE,FT,Data Scientist,130000,USD,US,100,US,M,130000
2022,SE,FT,Data Analyst,130000,USD,US,100,US,M,130000
2022,MI,FT,Data Analyst,130000,USD,US,100,US,M,130000
2022,EN,FT,Analytics Engineer,130000,USD,US,50,US,L,130000
2022,SE,FT,Data Engineer,130000,USD,US,100,US,M,130000
2022,MI,FT,Data Scientist,130000,USD,US,0,US,M,130000
2022,EX,FT,Data Analyst,130000,USD,US,100,US,M,130000
2022,SE,FT,Data Analyst,130000,USD,CA,100,CA,M,130000
2022,SE,FT,Data Analyst,130000,USD,CA,100,CA,M,130000
2022,SE,FT,Data Engineer,130000,USD,US,100,US,M,130000
2022,SE,FT,Data Engineer,130000,USD,US,100,US,M,130000
2022,MI,FT,Data Scientist,130000,USD,US,100,US,M,130000
2021,MI,FT,Data Scientist,130000,USD,US,50,US,L,130000
2021,EX,FT,Director of Data Science,110000,EUR,DE,50,DE,M,130026
2022,SE,FT,Data Analyst,130050,USD,US,100,US,M,130050
2022,SE,FT,Data Scientist,130240,USD,US,0,US,M,130240
2022,SE,FT,Data Engineer,130500,USD,US,0,US,M,130500
2022,SE,FT,Data Engineer,130500,USD,US,0,US,M,130500
2020,MI,FT,Data Engineer,130800,USD,ES,100,US,M,130800
2022,SE,FT,ML Engineer,131300,USD,US,100,US,L,131300
2022,SE,FT,Data Architect,131300,USD,US,100,US,L,131300
2022,SE,FT,Machine Learning Engineer,131300,USD,US,100,US,L,131300
2022,SE,FT,Data Architect,131300,USD,US,100,US,L,131300
2022,SE,FT,Data Engineer,131300,USD,US,100,US,L,131300
2022,SE,FT,Machine Learning Engineer,131300,USD,US,100,US,L,131300
2022,SE,FT,Machine Learning Engineer,131300,USD,US,100,US,L,131300
2022,SE,FT,Data Engineer,132000,USD,US,100,US,M,132000
2022,SE,FT,Data Analyst,132000,USD,US,0,US,M,132000
2022,SE,FT,Data Engineer,132100,USD,US,100,US,L,132100
2022,SE,FT,Data Engineer,132100,USD,US,100,US,L,132100
2022,SE,FT,Data Engineer,132320,USD,US,100,US,M,132320
2022,SE,FT,Data Engineer,132320,USD,US,0,US,M,132320
2022,SE,FT,Data Engineer,132320,USD,US,100,US,M,132320
2022,MI,FT,Data Scientist,107000,GBP,GB,100,GB,M,132524
2022,MI,FT,Data Manager,134000,USD,US,0,US,M,134000
2022,MI,FT,Data Manager,134000,USD,US,0,US,M,134000
2022,MI,FT,Data Science Manager,134000,USD,US,100,US,M,134000
2022,SE,FT,Data Science Manager,193000,AUD,AU,100,AU,L,134768
2022,SE,FT,Data Engineer,135000,USD,US,0,US,M,135000
2022,SE,FT,Data Analyst,135000,USD,US,100,US,M,135000
2022,MI,FT,Data Analytics Engineer,135000,USD,US,100,US,L,135000
2022,SE,FT,Data Architect,135000,USD,US,100,US,M,135000
2022,SE,FT,Machine Learning Engineer,135000,USD,PR,100,PR,M,135000
2022,SE,FT,Data Architect,135000,USD,US,100,US,M,135000
2022,SE,FT,Data Engineer,135000,USD,US,100,US,M,135000
2022,SE,FT,Data Architect,135000,USD,US,100,US,M,135000
2022,SE,FT,Data Engineer,135000,USD,US,0,US,M,135000
2022,SE,FT,Data Engineer,135000,USD,US,100,US,M,135000
2022,SE,FT,Machine Learning Engineer,135000,USD,US,100,US,M,135000
2022,SE,FT,Analytics Engineer,135000,USD,US,100,US,M,135000
2022,SE,FT,Data Engineer,135000,USD,PR,100,PR,M,135000
2022,SE,FT,Data Engineer,135000,USD,US,100,US,M,135000
2022,SE,FT,Data Analyst,135000,USD,US,100,US,M,135000
2022,EX,FT,Analytics Engineer,135000,USD,US,100,US,M,135000
2022,SE,FT,Data Analyst,135000,USD,US,100,US,M,135000
2022,MI,FT,Data Analyst,135000,USD,US,100,US,M,135000
2022,SE,FT,Data Engineer,135000,USD,US,100,US,M,135000
2022,MI,FT,Data Scientist,135000,USD,US,100,US,L,135000
2021,MI,FT,Data Analyst,135000,USD,US,100,US,L,135000
2021,SE,FT,Data Scientist,135000,USD,US,0,US,L,135000
2020,MI,FT,Business Data Analyst,135000,USD,US,100,US,L,135000
2022,SE,FT,Data Scientist,136000,USD,US,100,US,M,136000
2022,MI,FT,Data Analyst,136000,USD,US,100,US,M,136000
2022,SE,FT,Data Engineer,136000,USD,US,0,US,M,136000
2022,SE,FT,Data Scientist,136100,USD,US,0,US,M,136100
2022,MI,FT,Data Engineer,110000,GBP,GB,0,GB,M,136240
2022,SE,FT,Data Analyst,136260,USD,US,100,US,M,136260
2022,SE,FT,Data Analyst,136600,USD,US,100,US,M,136600
2022,SE,FT,Data Scientist,136620,USD,US,100,US,M,136620
2022,SE,FT,Data Scientist,136994,USD,US,100,US,M,136994
2022,SE,FT,Data Engineer,136994,USD,US,100,US,M,136994
2022,SE,FT,Data Science Manager,137141,USD,US,100,US,M,137141
2022,SE,FT,Data Engineer,137400,USD,CA,100,CA,M,137400
2020,EN,FT,Machine Learning Engineer,138000,USD,US,100,US,S,138000
2020,MI,FT,Data Scientist,138350,USD,US,100,US,M,138350
2022,SE,FT,Data Scientist,138600,USD,US,100,US,M,138600
2022,SE,FT,Data Scientist,138938,USD,US,0,US,M,138938
2022,SE,FT,Data Science Consultant,139000,USD,US,0,US,M,139000
2022,SE,FT,Data Analyst,139600,USD,US,0,US,M,139600
2022,SE,FT,Data Engineer,139860,USD,US,0,US,M,139860
2022,SE,FT,Data Scientist,140000,USD,US,100,US,M,140000
2022,SE,FT,Machine Learning Engineer,140000,USD,CA,0,CA,M,140000
2022,SE,FT,Data Engineer,140000,USD,US,100,US,M,140000
2022,SE,FT,Analytics Engineer,140000,USD,US,100,US,M,140000
2022,SE,FT,Data Scientist,140000,USD,US,100,US,M,140000
2022,MI,FT,Product Data Analyst,140000,USD,US,100,US,M,140000
2022,SE,FT,Data Scientist,140000,USD,US,0,US,M,140000
2022,SE,FT,Data Scientist,140000,USD,US,100,US,L,140000
2022,SE,FT,Data Scientist,140000,USD,US,100,US,M,140000
2022,SE,FT,Data Scientist,140000,USD,US,100,US,M,140000
2022,SE,FT,Data Scientist,140000,USD,US,100,US,M,140000
2022,SE,FT,Data Scientist,140000,USD,US,100,US,M,140000
2022,SE,FT,Data Scientist,140000,USD,US,100,US,M,140000
2022,SE,FT,Data Scientist,140000,USD,US,100,US,M,140000
2021,MI,FT,Data Engineer,140000,USD,US,100,US,L,140000
2021,SE,FT,Data Analytics Manager,140000,USD,US,100,US,L,140000
2022,SE,FT,Data Science Manager,140100,USD,US,100,US,L,140100
2022,SE,FT,Analytics Engineer,140250,USD,US,100,US,M,140250
2022,SE,FT,Data Engineer,140250,USD,US,100,US,M,140250
2022,SE,FT,Data Scientist,140400,USD,US,0,US,L,140400
2022,SE,FT,Data Scientist,140400,USD,US,0,US,L,140400
2022,SE,FT,Data Scientist,140400,USD,US,0,US,M,140400
2022,SE,FT,Data Engineer,141300,USD,US,0,US,M,141300
2022,SE,FT,Data Engineer,141300,USD,US,0,US,M,141300
2022,SE,FT,Data Architect,141300,USD,US,0,US,M,141300
2022,MI,FT,Data Scientist,141300,USD,US,0,US,M,141300
2022,SE,FT,Applied Scientist,141525,USD,US,100,US,M,141525
2022,SE,FT,Data Scientist,141525,USD,US,100,US,M,141525
2022,SE,FT,Data Scientist,141525,USD,US,100,US,M,141525
2022,SE,FT,Data Scientist,141525,USD,US,100,US,M,141525
2022,SE,FT,Data Scientist,141525,USD,US,100,US,M,141525
2022,SE,FT,Data Scientist,141525,USD,US,100,US,M,141525
2022,SE,FT,Data Scientist,141525,USD,US,100,US,M,141525
2022,SE,FT,Data Scientist,141525,USD,US,100,US,M,141525
2022,SE,FT,Data Scientist,141525,USD,US,100,US,M,141525
2022,SE,FT,Data Scientist,141525,USD,US,100,US,M,141525
2022,SE,FT,Data Scientist,141525,USD,US,100,US,M,141525
2022,SE,FT,Data Scientist,141525,USD,US,100,US,M,141525
2022,SE,FT,Data Scientist,141525,USD,US,100,US,M,141525
2022,SE,FT,Data Scientist,141525,USD,US,100,US,M,141525
2022,SE,FT,Data Scientist,141525,USD,US,100,US,M,141525
2022,SE,FT,Data Scientist,141525,USD,US,100,US,M,141525
2022,SE,FT,Data Scientist,141525,USD,US,100,US,M,141525
2022,SE,FT,Data Scientist,141525,USD,US,100,US,M,141525
2022,SE,FT,Data Scientist,141525,USD,US,100,US,M,141525
2022,SE,FT,Data Scientist,141525,USD,US,0,US,M,141525
2022,SE,FT,Data Scientist,141525,USD,US,100,US,M,141525
2022,SE,FT,Data Scientist,141525,USD,US,100,US,M,141525
2022,SE,FT,Data Scientist,141525,USD,US,100,US,M,141525
2021,EX,FT,Director of Data Science,120000,EUR,DE,0,DE,L,141846
2022,SE,FT,Machine Learning Engineer,142200,USD,US,0,US,M,142200
2022,SE,FT,Applied Scientist,142800,USD,US,100,US,M,142800
2022,SE,FT,Data Scientist,144000,USD,US,0,US,L,144000
2022,SE,FT,Data Scientist,144000,USD,US,0,US,M,144000
2022,SE,FT,Data Scientist,144000,USD,US,100,US,M,144000
2022,SE,FT,Data Scientist,144000,USD,US,0,US,L,144000
2022,SE,FT,Data Analyst,144000,USD,US,100,US,M,144000
2022,SE,FT,Machine Learning Scientist,144000,USD,US,0,US,M,144000
2022,SE,FT,Data Scientist,144000,USD,US,100,US,M,144000
2022,SE,FT,Research Scientist,144000,USD,US,50,US,L,144000
2021,SE,FT,Data Science Manager,144000,USD,US,100,US,L,144000
2022,SE,FT,Data Analyst,144100,USD,US,0,US,M,144100
2022,MI,FT,Data Analyst,144100,USD,US,0,US,M,144100
2022,MI,FT,Data Scientist,144200,USD,US,100,US,M,144200
2022,SE,FT,Data Architect,144854,USD,US,100,US,M,144854
2022,SE,FT,Data Engineer,145000,USD,US,0,US,M,145000
2022,SE,FT,Data Engineer,145000,USD,US,100,US,M,145000
2022,MI,FT,Research Scientist,145000,USD,US,50,US,L,145000
2022,SE,FT,Data Engineer,145000,USD,US,100,US,M,145000
2022,SE,FT,Data Analytics Manager,145000,USD,US,100,US,M,145000
2022,SE,FT,Data Engineer,145000,USD,US,100,US,M,145000
2022,SE,FT,Data Scientist,145300,USD,US,0,US,M,145300
2022,SE,FT,Data Scientist,146000,USD,US,100,US,M,146000
2022,SE,FT,ETL Developer,146200,USD,US,100,US,M,146200
2021,MI,FT,Data Scientist,147000,USD,US,50,US,L,147000
2022,SE,FT,Data Architect,147800,USD,US,100,US,M,147800
2022,SE,FT,Data Scientist,148000,USD,US,100,US,M,148000
2020,SE,FT,Principal Data Scientist,130000,EUR,DE,100,DE,M,148261
2022,MI,FT,ML Engineer,148500,USD,US,100,US,L,148500
2022,SE,FT,Data Specialist,148700,USD,US,100,US,L,148700
2022,SE,FT,Machine Learning Infrastructure Engineer,148800,USD,US,100,US,M,148800
2022,SE,FT,Machine Learning Engineer,148800,USD,US,100,US,M,148800
2022,SE,FT,Data Scientist,148800,USD,US,0,US,M,148800
2022,SE,FT,Data Architect,149040,USD,US,100,US,M,149040
2022,SE,FT,Data Engineer,150000,USD,US,0,US,M,150000
2022,MI,FT,Data Analyst,150000,USD,US,100,US,M,150000
2022,SE,FT,Data Analyst,150000,USD,US,0,US,M,150000
2022,SE,FT,Data Engineer,150000,USD,US,0,US,M,150000
2022,SE,FT,Data Analyst,150000,USD,US,0,US,M,150000
2022,SE,FT,Analytics Engineer,150000,USD,US,0,US,M,150000
2022,SE,FT,Data Engineer,150000,USD,US,100,US,M,150000
2022,SE,FT,Machine Learning Manager,150000,USD,US,100,US,M,150000
2022,SE,FT,Data Engineer,150000,USD,US,100,US,M,150000
2022,MI,FT,Business Data Analyst,150000,USD,US,100,US,L,150000
2022,MI,FT,Data Engineer,150000,USD,US,0,US,M,150000
2022,SE,FT,Data Engineer,150000,USD,US,100,US,M,150000
2022,EX,FT,Analytics Engineer,150000,USD,US,100,US,M,150000
2022,SE,FT,Machine Learning Engineer,150000,USD,US,100,US,L,150000
2022,EN,FT,Data Analyst,150000,USD,US,100,US,L,150000
2022,MI,FT,Data Engineer,150000,USD,US,100,US,M,150000
2022,SE,FT,Data Scientist,150000,USD,US,0,US,M,150000
2022,SE,FT,Data Scientist,150000,USD,US,100,US,M,150000
2022,SE,FT,Data Analyst,150000,USD,US,100,US,M,150000
2021,SE,FT,Data Engineering Manager,150000,USD,US,0,US,L,150000
2022,EN,FT,Computer Vision Software Engineer,150000,USD,AU,100,AU,S,150000
2021,MI,FT,Data Architect,150000,USD,US,100,US,L,150000
2021,MI,FT,Data Scientist,150000,USD,US,100,US,M,150000
2021,EX,FT,BI Data Analyst,150000,USD,IN,100,US,L,150000
2021,SE,FT,Data Engineer,150000,USD,US,100,US,M,150000
2021,SE,FT,Data Engineer,150000,USD,US,100,US,L,150000
2020,SE,FT,Machine Learning Engineer,150000,USD,US,50,US,L,150000
2022,SE,FT,Data Analyst,150075,USD,US,100,US,M,150075
2022,SE,FT,Data Analyst,150075,USD,US,100,US,M,150075
2022,SE,FT,Data Analytics Manager,150260,USD,US,100,US,M,150260
2021,MI,FT,Principal Data Scientist,151000,USD,US,100,US,L,151000
2022,SE,FT,Data Scientist,151800,USD,US,0,US,M,151800
2022,SE,FT,Analytics Engineer,152000,USD,US,0,US,M,152000
2022,SE,FT,Data Scientist,152000,USD,US,0,US,M,152000
2021,SE,FT,Data Science Manager,152000,USD,US,100,FR,L,152000
2022,SE,FT,Data Science Manager,152500,USD,US,100,US,M,152500
2022,SE,FT,Data Scientist,153000,USD,US,100,US,M,153000
2022,SE,FT,Data Scientist,153000,USD,US,100,US,M,153000
2022,MI,FT,Data Scientist,153000,USD,US,100,US,L,153000
2022,MI,FT,Machine Learning Scientist,153000,USD,US,50,US,M,153000
2021,SE,FT,Data Engineering Manager,153000,USD,US,100,US,L,153000
2022,SE,FT,Data Scientist,153600,USD,US,100,US,M,153600
2021,EX,FT,Director of Data Science,130000,EUR,IT,100,PL,L,153667
2022,SE,FT,Data Scientist,154000,USD,US,0,US,M,154000
2022,SE,FT,Data Scientist,154000,USD,US,100,US,M,154000
2022,SE,FT,Data Engineer,154000,USD,US,100,US,M,154000
2022,SE,FT,Data Engineer,154000,USD,US,100,US,M,154000
2022,SE,FT,Data Engineer,154545,USD,US,0,US,L,154545
2022,SE,FT,Data Engineer,154545,USD,US,0,US,L,154545
2022,SE,FT,Data Engineer,154600,USD,US,100,US,L,154600
2022,SE,FT,Data Engineer,154600,USD,US,100,US,L,154600
2022,SE,FT,Data Engineer,155000,USD,US,0,US,M,155000
2022,SE,FT,Data Scientist,155000,USD,US,100,US,M,155000
2022,SE,FT,Data Scientist,155000,USD,US,100,US,M,155000
2022,SE,FT,Data Scientist,155000,USD,US,100,US,M,155000
2022,SE,FT,Data Engineer,155000,USD,US,100,US,M,155000
2022,SE,FT,Data Analyst,155000,USD,US,100,US,M,155000
2022,SE,FT,Data Engineer,155000,USD,US,100,US,M,155000
2022,SE,FT,Principal Data Scientist,148000,EUR,DE,100,DE,M,155825
2022,SE,FT,Data Scientist,156400,USD,US,0,US,M,156400
2022,SE,FT,Data Scientist,156400,USD,US,0,US,M,156400
2022,SE,FT,Data Scientist,156400,USD,US,0,US,M,156400
2022,SE,FT,Data Engineer,156600,USD,US,100,US,M,156600
2022,SE,FT,Lead Data Scientist,156868,USD,US,100,US,L,156868
2022,EX,FT,Analytics Engineer,157000,USD,US,100,US,M,157000
2022,MI,FT,Applied Data Scientist,157000,USD,US,100,US,L,157000
2022,MI,FT,Data Science Manager,158000,USD,US,100,US,M,158000
2022,SE,FT,Data Scientist,158200,USD,US,100,US,L,158200
2022,SE,FT,Data Scientist,159000,USD,US,0,US,L,159000
2022,MI,FT,Data Science Manager,159000,USD,US,100,US,M,159000
2022,SE,FT,Data Scientist,159200,USD,US,100,US,L,159200
2022,SE,FT,Data Scientist,159699,USD,US,0,US,M,159699
2022,EX,FT,Head of Data,160000,USD,US,0,US,M,160000
2022,SE,FT,Data Engineer,160000,USD,US,0,US,M,160000
2022,SE,FT,Data Engineer,160000,USD,US,0,US,M,160000
2022,SE,FT,Data Engineer,160000,USD,US,0,US,M,160000
2022,SE,FT,Data Architect,160000,USD,US,100,US,M,160000
2022,SE,FT,Data Engineer,160000,USD,US,100,US,M,160000
2022,SE,FT,Data Engineer,160000,USD,US,100,US,M,160000
2022,SE,FT,Data Engineer,160000,USD,US,100,US,M,160000
2022,SE,FT,Data Scientist,160000,USD,US,0,US,L,160000
2022,MI,FT,Data Scientist,160000,USD,US,0,US,M,160000
2022,SE,FT,Data Scientist,160000,USD,US,0,US,L,160000
2022,SE,FT,Data Scientist,160000,USD,US,100,US,L,160000
2022,SE,FT,Data Engineer,160000,USD,US,100,US,M,160000
2022,SE,FT,Data Scientist,160000,USD,US,0,US,L,160000
2022,SE,FT,Data Scientist,160000,USD,US,100,US,L,160000
2022,SE,FT,ML Engineer,160000,USD,US,0,US,M,160000
2022,MI,FT,Machine Learning Scientist,160000,USD,US,100,US,L,160000
2022,SE,FT,Data Engineer,160000,USD,US,0,US,L,160000
2022,SE,FT,Data Engineer,160000,USD,US,100,US,M,160000
2022,SE,FT,Data Engineer,160000,USD,US,100,US,M,160000
2022,MI,FT,Data Scientist,160000,USD,US,100,US,M,160000
2021,SE,FT,Cloud Data Engineer,160000,USD,BR,100,US,S,160000
2021,SE,FT,Lead Data Engineer,160000,USD,PR,50,US,S,160000
2021,MI,FT,Data Scientist,160000,USD,US,100,US,L,160000
2022,SE,FT,Data Engineer,160080,USD,US,0,US,M,160080
2022,SE,FT,Data Engineer,160080,USD,US,100,US,M,160080
2022,SE,FT,Data Engineer,160395,USD,US,100,US,M,160395
2022,SE,FT,Data Engineer,161000,USD,US,100,US,M,161000
2022,SE,FT,Data Science Manager,161342,USD,US,100,US,M,161342
2022,SE,FT,Big Data Engineer,210000,CAD,CA,50,CA,M,162502
2022,SE,FT,Data Engineer,164000,USD,US,0,US,M,164000
2022,SE,FT,Data Analyst,164000,USD,US,0,US,M,164000
2022,SE,FT,Machine Learning Engineer,164996,USD,US,0,US,M,164996
2022,SE,FT,Machine Learning Engineer,164996,USD,US,0,US,M,164996
2022,SE,FT,Machine Learning Engineer,164996,USD,US,0,US,M,164996
2022,SE,FT,Data Science Lead,165000,USD,US,50,US,S,165000
2022,SE,FT,Data Engineer,165000,USD,US,100,US,M,165000
2022,SE,FT,Data Scientist,165000,USD,US,100,US,L,165000
2022,SE,FT,Analytics Engineer,165000,USD,US,100,US,M,165000
2022,SE,FT,Data Scientist,165000,USD,US,100,US,M,165000
2021,SE,FT,Data Scientist,165000,USD,US,100,US,L,165000
2021,SE,FT,Data Engineer,165000,USD,US,0,US,M,165000
2021,SE,FT,Data Specialist,165000,USD,US,100,US,L,165000
2022,SE,FT,Data Scientist,165220,USD,US,100,US,M,165220
2022,SE,FT,Data Engineer,165400,USD,US,100,US,M,165400
2022,SE,FT,Data Engineer,165400,USD,US,100,US,M,165400
2022,SE,FT,Data Engineer,166000,USD,US,100,US,M,166000
2022,SE,FT,Data Analyst,166700,USD,US,0,US,M,166700
2022,SE,FT,Data Scientist,167000,USD,US,100,US,M,167000
2022,MI,FT,Data Analyst,167000,USD,US,100,US,M,167000
2022,SE,FT,Machine Learning Engineer,167100,USD,US,0,US,M,167100
2022,EX,FT,Head of Data Science,167875,USD,US,100,US,M,167875
2022,SE,FT,Data Scientist,168000,USD,US,100,US,M,168000
2021,SE,FT,Director of Data Science,168000,USD,JP,0,JP,S,168000
2022,SE,FT,Data Analyst,169000,USD,US,0,US,M,169000
2022,SE,FT,Data Analyst,169000,USD,US,0,US,M,169000
2022,SE,FT,Data Analyst,169000,USD,US,0,US,M,169000
2022,SE,FT,Data Engineer,170000,USD,US,0,US,M,170000
2022,SE,FT,Data Engineer,170000,USD,US,0,US,M,170000
2022,SE,FT,Data Engineer,170000,USD,US,0,US,M,170000
2022,SE,FT,Data Engineer,170000,USD,US,100,US,M,170000
2022,SE,FT,Data Scientist,170000,USD,US,100,US,M,170000
2022,SE,FT,Data Scientist,170000,USD,US,100,US,M,170000
2022,SE,FT,Analytics Engineer,170000,USD,US,100,US,M,170000
2022,SE,FT,Data Engineer,170000,USD,US,100,US,M,170000
2022,SE,FT,Data Scientist,170000,USD,US,100,US,M,170000
2022,MI,FT,Data Engineer,170000,USD,US,100,US,M,170000
2022,SE,FT,Data Analyst,170000,USD,US,100,US,M,170000
2022,SE,FT,Data Analyst,170000,USD,US,100,US,M,170000
2022,SE,FT,Data Analyst,170000,USD,US,100,US,M,170000
2021,MI,FT,Data Architect,170000,USD,US,100,US,L,170000
2021,SE,FT,Lead Data Analyst,170000,USD,US,100,US,L,170000
2021,SE,FT,Principal Data Analyst,170000,USD,US,100,US,M,170000
2022,SE,FT,Data Engineer,171000,USD,US,0,US,M,171000
2022,SE,FT,Data Scientist,172000,USD,US,100,US,M,172000
2022,MI,FT,Applied Machine Learning Scientist,173000,USD,US,50,US,M,173000
2022,MI,FT,Data Scientist,140000,GBP,GB,0,GB,M,173397
2021,SE,FT,Principal Data Scientist,147000,EUR,DE,100,DE,M,173762
2021,SE,FT,Data Engineering Manager,174000,USD,US,100,US,L,174000
2021,SE,FT,Data Science Manager,174000,USD,US,100,US,L,174000
2022,SE,FT,Data Engineer,175000,USD,US,100,US,M,175000
2022,SE,FT,Data Scientist,175000,USD,US,0,US,M,175000
2022,SE,FT,Data Scientist,175000,USD,US,100,US,M,175000
2022,SE,FT,Data Engineer,175000,USD,US,100,US,M,175000
2022,SE,FT,Data Scientist,175000,USD,US,0,US,M,175000
2022,SE,FT,Data Analyst,175000,USD,US,100,US,M,175000
2022,SE,FT,Data Engineer,175000,USD,US,100,US,M,175000
2022,SE,FT,Data Engineer,175000,USD,US,100,US,M,175000
2022,EX,FT,Analytics Engineer,175000,USD,US,100,US,M,175000
2022,SE,FT,Data Science Manager,175100,USD,US,100,US,M,175100
2022,EX,FT,Data Science Manager,175100,USD,US,0,US,M,175100
2022,SE,FT,Data Engineer,175100,USD,US,100,US,M,175100
2022,SE,FT,Data Analyst,175950,USD,US,100,US,M,175950
2022,SE,FT,Data Scientist,176000,USD,US,100,US,M,176000
2022,SE,FT,Applied Data Scientist,177000,USD,US,100,US,L,177000
2022,SE,FT,Data Engineer,177600,USD,US,100,US,L,177600
2022,SE,FT,Data Engineer,178800,USD,US,100,US,L,178800
2022,SE,FT,Data Engineer,178800,USD,US,100,US,L,178800
2022,SE,FT,Data Scientist,179400,USD,US,0,US,M,179400
2022,SE,FT,Data Scientist,179400,USD,US,100,US,M,179400
2022,SE,FT,Data Science Manager,179775,USD,US,100,US,M,179775
2022,SE,FT,Data Scientist,180000,USD,US,0,US,M,180000
2022,SE,FT,Data Scientist,180000,USD,US,100,US,M,180000
2022,MI,FT,ML Engineer,180000,USD,US,100,US,M,180000
2022,SE,FT,Machine Learning Engineer,180000,USD,US,100,US,M,180000
2022,SE,FT,Data Engineer,180000,USD,US,0,US,M,180000
2022,EN,FT,Data Scientist,180000,USD,US,100,US,M,180000
2022,SE,FT,Data Architect,180000,USD,US,100,US,M,180000
2022,SE,FT,Data Engineer,180000,USD,US,100,US,M,180000
2022,SE,FT,Machine Learning Engineer,180000,USD,US,100,US,M,180000
2022,SE,FT,Machine Learning Engineer,180000,USD,US,100,US,M,180000
2022,SE,FT,Data Scientist,180000,USD,US,100,US,L,180000
2022,SE,FT,Data Engineer,180000,USD,US,100,US,M,180000
2022,EX,FT,Machine Learning Scientist,180000,USD,US,100,US,S,180000
2022,SE,FT,Analytics Engineer,180000,USD,US,0,US,M,180000
2022,SE,FT,Data Scientist,180000,USD,US,100,US,L,180000
2022,SE,FT,Machine Learning Engineer,180000,USD,US,100,US,M,180000
2022,EN,FT,Machine Learning Developer,180000,USD,US,100,US,L,180000
2022,SE,FT,Data Scientist,180000,USD,US,100,US,M,180000
2022,SE,FT,Data Scientist,180000,USD,US,0,US,M,180000
2022,SE,FT,Data Scientist,180000,USD,US,0,US,L,180000
2022,SE,FT,Data Engineer,180000,USD,US,100,US,M,180000
2021,MI,FT,Data Architect,180000,USD,US,100,US,L,180000
2022,SE,FT,Data Engineer,181940,USD,US,0,US,M,181940
2022,SE,FT,Data Engineer,182000,USD,US,100,US,M,182000
2022,EX,FT,Data Science Manager,182160,USD,US,0,US,M,182160
2022,SE,FT,Data Scientist Lead,183000,USD,US,100,US,L,183000
2022,SE,FT,Data Engineer,183600,USD,US,100,US,L,183600
2022,SE,FT,Data Engineer,184100,USD,US,0,US,M,184100
2022,SE,FT,Analytics Engineer,184700,USD,US,0,US,M,184700
2022,SE,FT,Data Scientist,185000,USD,US,100,US,M,185000
2022,SE,FT,Data Engineer,185000,USD,US,100,US,M,185000
2022,SE,FT,Data Scientist,185000,USD,US,100,US,M,185000
2021,SE,FT,Machine Learning Engineer,185000,USD,US,50,US,L,185000
2021,SE,FT,Principal Data Engineer,185000,USD,US,100,US,L,185000
2022,SE,FT,Data Scientist,185100,USD,US,100,US,M,185100
2022,SE,FT,Data Science Manager,185400,USD,US,0,US,M,185400
2022,SE,FT,Data Engineer,185800,USD,CA,100,CA,M,185800
2022,SE,FT,Data Scientist,185900,USD,US,0,US,M,185900
2022,SE,FT,Data Engineer,185900,USD,US,0,US,M,185900
2022,SE,FT,Data Scientist,185900,USD,US,0,US,M,185900
2022,SE,FT,Data Scientist,185900,USD,US,0,US,M,185900
2022,SE,FT,Data Engineer,185900,USD,US,0,US,M,185900
2022,SE,FT,Data Scientist,185900,USD,US,0,US,M,185900
2022,SE,FT,Data Scientist,185900,USD,US,0,US,M,185900
2022,SE,FT,Data Engineer,185900,USD,US,0,US,M,185900
2022,SE,FT,Data Engineer,185900,USD,US,0,US,M,185900
2022,SE,FT,Machine Learning Infrastructure Engineer,186000,USD,US,100,US,M,186000
2022,SE,FT,Machine Learning Engineer,186000,USD,US,100,US,M,186000
2022,SE,FT,Data Scientist,186000,USD,US,0,US,M,186000
2022,SE,FT,Machine Learning Engineer,187200,USD,CA,100,CA,M,187200
2022,EX,FT,Data Engineer,187200,USD,US,100,US,M,187200
2021,MI,FT,Research Scientist,235000,CAD,CA,100,CA,L,187442
2020,SE,FT,Data Engineer,188000,USD,US,100,US,L,188000
2022,SE,FT,Data Engineer,188100,USD,US,0,US,M,188100
2022,SE,FT,Data Engineer,188700,USD,US,100,US,M,188700
2022,SE,FT,Data Science Manager,189500,USD,US,100,US,L,189500
2022,SE,FT,Machine Learning Engineer,189650,USD,US,0,US,M,189650
2022,SE,FT,Machine Learning Engineer,189650,USD,US,0,US,M,189650
2022,SE,FT,Machine Learning Engineer,189650,USD,US,0,US,M,189650
2022,SE,FT,Data Architect,190000,USD,US,100,US,M,190000
2022,SE,FT,Data Architect,190000,USD,US,100,US,M,190000
2022,SE,FT,Analytics Engineer,190000,USD,US,100,US,M,190000
2022,SE,FT,Data Architect,190000,USD,US,100,US,M,190000
2020,SE,FT,Lead Data Scientist,190000,USD,US,100,US,S,190000
2020,SE,FT,Data Science Manager,190200,USD,US,100,US,M,190200
2022,SE,FT,Data Engineer,191200,USD,US,0,US,M,191200
2022,SE,FT,Applied Scientist,191475,USD,US,100,US,M,191475
2022,SE,FT,Data Scientist,191475,USD,US,100,US,M,191475
2022,SE,FT,Data Scientist,191475,USD,US,100,US,M,191475
2022,SE,FT,Data Scientist,191475,USD,US,100,US,M,191475
2022,SE,FT,Data Scientist,191475,USD,US,100,US,M,191475
2022,SE,FT,Data Scientist,191475,USD,US,100,US,M,191475
2022,SE,FT,Data Scientist,191475,USD,US,100,US,M,191475
2022,SE,FT,Data Scientist,191475,USD,US,100,US,M,191475
2022,SE,FT,Data Scientist,191475,USD,US,100,US,M,191475
2022,SE,FT,Data Scientist,191475,USD,US,100,US,M,191475
2022,SE,FT,Data Scientist,191475,USD,US,100,US,M,191475
2022,SE,FT,Data Scientist,191475,USD,US,100,US,M,191475
2022,SE,FT,Data Scientist,191475,USD,US,100,US,M,191475
2022,SE,FT,Data Scientist,191475,USD,US,100,US,M,191475
2022,SE,FT,Data Scientist,191475,USD,US,100,US,M,191475
2022,SE,FT,Data Scientist,191475,USD,US,100,US,M,191475
2022,SE,FT,Data Scientist,191475,USD,US,100,US,M,191475
2022,SE,FT,Data Scientist,191475,USD,US,100,US,M,191475
2022,SE,FT,Data Scientist,191475,USD,US,100,US,M,191475
2022,SE,FT,Data Scientist,191475,USD,US,0,US,M,191475
2022,SE,FT,Data Scientist,191475,USD,US,100,US,M,191475
2022,SE,FT,Data Scientist,191475,USD,US,100,US,M,191475
2022,SE,FT,Data Scientist,191475,USD,US,100,US,M,191475
2022,SE,FT,Data Architect,192400,USD,CA,100,CA,M,192400
2022,SE,FT,Data Architect,192564,USD,US,100,US,M,192564
2022,SE,FT,Machine Learning Engineer,192600,USD,US,100,US,M,192600
2022,SE,FT,Data Engineering Manager,193000,USD,ES,100,US,M,193000
2022,EX,FT,Director of Data Science,250000,CAD,CA,50,CA,L,193455
2022,SE,FT,Machine Learning Scientist,193900,USD,US,0,US,M,193900
2022,SE,FT,Machine Learning Engineer,193900,USD,US,0,US,M,193900
2022,MI,FT,Machine Learning Engineer,193900,USD,US,0,US,M,193900
2022,SE,FT,Data Engineer,195000,USD,US,100,US,M,195000
2021,SE,FT,Machine Learning Infrastructure Engineer,195000,USD,US,100,US,M,195000
2022,SE,FT,ML Engineer,195400,USD,US,100,US,L,195400
2022,SE,FT,Data Architect,195400,USD,US,100,US,L,195400
2022,SE,FT,Machine Learning Engineer,195400,USD,US,100,US,L,195400
2022,SE,FT,Data Architect,195400,USD,US,100,US,L,195400
2022,SE,FT,Data Engineer,195700,USD,US,0,US,M,195700
2022,SE,FT,Data Engineer,195700,USD,US,0,US,M,195700
2022,SE,FT,Data Engineer,197000,USD,US,0,US,M,197000
2022,SE,FT,Data Scientist,198440,USD,US,0,US,L,198440
2022,SE,FT,Data Scientist,198440,USD,US,0,US,M,198440
2022,SE,FT,Data Scientist,198440,USD,US,100,US,M,198440
2022,SE,FT,Data Scientist,198440,USD,US,0,US,L,198440
2022,SE,FT,Data Engineer,200000,USD,US,0,US,M,200000
2022,SE,FT,Marketing Data Analyst,200000,USD,GB,100,GB,S,200000
2022,SE,FT,Data Scientist,200000,USD,US,100,US,M,200000
2022,SE,FT,Machine Learning Manager,200000,USD,US,100,US,M,200000
2022,SE,FT,BI Analyst,200000,USD,NG,100,NG,S,200000
2022,SE,FT,Data Engineer,200000,USD,US,100,US,M,200000
2022,SE,FT,Data Engineer,200000,USD,US,100,US,M,200000
2022,SE,FT,Machine Learning Engineer,200000,USD,PR,100,PR,M,200000
2022,EX,FT,Machine Learning Scientist,200000,USD,US,100,US,S,200000
2022,EX,FT,AI Scientist,200000,USD,US,100,US,S,200000
2022,EX,FT,Analytics Engineer,200000,USD,US,100,US,M,200000
2022,SE,FT,Machine Learning Engineer,200000,USD,US,100,US,L,200000
2022,SE,FT,Data Engineer,200000,USD,PR,100,PR,M,200000
2022,MI,FT,Analytics Engineer,200000,USD,US,0,US,M,200000
2022,SE,FT,Data Engineer,200000,USD,US,100,US,M,200000
2022,MI,FT,AI Scientist,200000,USD,US,100,US,M,200000
2022,SE,FT,Data Science Manager,200000,USD,US,100,US,M,200000
2022,MI,FT,AI Scientist,200000,USD,IN,100,US,L,200000
2022,EX,FT,Data Engineer,200000,USD,US,100,US,M,200000
2022,MI,FT,Data Scientist,200000,USD,US,100,US,M,200000
2022,SE,FT,Head of Data,200000,USD,MY,100,US,M,200000
2021,SE,FT,Principal Data Engineer,200000,USD,US,100,US,M,200000
2021,MI,FT,Data Engineer,200000,USD,US,100,US,L,200000
2021,MI,FT,Data Engineer,200000,USD,US,100,US,L,200000
2021,SE,FT,Data Analyst,200000,USD,US,100,US,L,200000
2021,SE,FT,Director of Data Engineering,200000,USD,US,100,US,L,200000
2021,SE,FT,Machine Learning Engineer,200000,USD,US,100,US,L,200000
2022,SE,FT,Data Engineer,200100,USD,US,100,US,M,200100
2022,SE,FT,Data Scientist,202800,USD,US,0,US,L,202800
2022,SE,FT,Machine Learning Engineer,202900,USD,US,100,US,L,202900
2022,SE,FT,Machine Learning Engineer,202900,USD,US,100,US,L,202900
2022,SE,FT,Analytics Engineer,203500,USD,US,0,US,M,203500
2022,SE,FT,Data Scientist,203500,USD,US,0,US,M,203500
2022,SE,FT,Data Scientist,204100,USD,US,0,US,M,204100
2022,SE,FT,Machine Learning Engineer,204500,USD,US,0,US,M,204500
2022,EX,FT,Head of Data,205000,USD,US,0,US,M,205000
2022,SE,FT,Data Scientist,205000,USD,US,0,US,M,205000
2022,SE,FT,Data Scientist,205300,USD,US,0,US,L,205300
2022,SE,FT,Data Scientist,205300,USD,US,0,US,M,205300
2022,SE,FT,Analytics Engineer,205300,USD,US,0,US,M,205300
2022,SE,FT,Data Engineer,205600,USD,US,0,US,L,205600
2022,SE,FT,Data Science Manager,206000,USD,US,100,US,M,206000
2022,SE,FT,Data Engineer,206699,USD,US,0,US,M,206699
2022,MI,FT,Data Engineer,206699,USD,US,0,US,M,206699
2022,SE,FT,Data Scientist,207000,USD,US,100,US,M,207000
2022,SE,FT,Data Scientist,207000,USD,US,100,US,M,207000
2022,SE,FT,Data Architect,208775,USD,US,100,US,M,208775
2022,SE,FT,Data Engineer,209100,USD,US,100,US,L,209100
2022,SE,FT,Data Engineer,209100,USD,US,100,US,L,209100
2022,SE,FT,Machine Learning Engineer,210000,USD,US,100,US,M,210000
2022,EX,FT,Analytics Engineer,210000,USD,US,100,US,M,210000
2022,SE,FT,Machine Learning Engineer,210000,USD,US,100,US,M,210000
2022,SE,FT,Machine Learning Engineer,210000,USD,US,100,US,M,210000
2022,SE,FT,Data Engineer,210000,USD,US,100,US,M,210000
2022,SE,FT,Data Engineer,210000,USD,US,100,US,M,210000
2022,SE,FT,Data Scientist,210000,USD,US,100,US,M,210000
2022,SE,FT,Data Scientist,210000,USD,US,100,US,M,210000
2022,SE,FT,Data Scientist,210000,USD,US,100,US,M,210000
2022,SE,FT,Data Scientist,210000,USD,US,100,US,M,210000
2022,SE,FT,Data Engineer,210000,USD,US,100,US,M,210000
2022,SE,FT,Data Scientist,211500,USD,US,100,US,M,211500
2022,SE,FT,Applied Scientist,212800,USD,US,100,US,M,212800
2022,SE,FT,Data Architect,213120,USD,US,100,US,M,213120
2022,SE,FT,Machine Learning Engineer,214000,USD,US,100,US,M,214000
2022,SE,FT,Data Scientist,215000,USD,US,0,US,L,215000
2022,SE,FT,Data Engineer,215000,USD,US,0,US,M,215000
2022,SE,FT,Data Scientist,215300,USD,US,100,US,L,215300
2022,SE,FT,Data Scientist,215300,USD,US,0,US,L,215300
2022,SE,FT,Machine Learning Scientist,216000,USD,US,0,US,M,216000
2022,EX,FT,Data Engineer,216000,USD,US,100,US,M,216000
2022,SE,FT,Data Analyst,216200,USD,US,0,US,M,216200
2022,MI,FT,Data Analyst,216200,USD,US,0,US,M,216200
2022,SE,FT,Data Scientist,218000,USD,US,0,US,M,218000
2022,SE,FT,Data Engineer,220000,USD,US,0,US,M,220000
2022,SE,FT,Data Scientist,220000,USD,US,100,US,M,220000
2022,SE,FT,Machine Learning Engineer,220000,USD,US,100,US,M,220000
2021,SE,FT,Principal Data Scientist,220000,USD,US,0,US,L,220000
2022,SE,FT,Data Engineer,220110,USD,US,0,US,M,220110
2022,SE,FT,Data Engineer,220110,USD,US,100,US,M,220110
2022,SE,FT,Data Specialist,221300,USD,US,100,US,L,221300
2022,EX,FT,Data Science Manager,222640,USD,US,0,US,M,222640
2022,EX,FT,Head of Data Science,224000,USD,US,100,US,M,224000
2022,SE,FT,Data Scientist,225000,USD,US,0,US,M,225000
2022,SE,FT,Data Engineer,225000,USD,US,0,US,M,225000
2022,SE,FT,Data Scientist,225000,USD,US,0,US,M,225000
2022,SE,FT,Data Scientist,225000,USD,US,0,US,M,225000
2022,SE,FT,Data Architect,225000,USD,US,100,US,M,225000
2022,SE,FT,Data Engineer,225000,USD,US,0,US,M,225000
2022,MI,FT,Data Scientist,225000,USD,US,0,US,M,225000
2021,EN,FT,Machine Learning Scientist,225000,USD,US,100,US,L,225000
2021,SE,FT,Machine Learning Scientist,225000,USD,US,100,CA,L,225000
2022,SE,FT,Data Engineer,229998,USD,US,0,US,L,229998
2022,SE,FT,Data Engineer,229998,USD,US,0,US,L,229998
2022,SE,FT,Data Scientist,230000,USD,US,100,US,M,230000
2022,SE,FT,Data Scientist,230000,USD,US,100,US,M,230000
2021,EX,FT,Head of Data,230000,USD,RU,50,RU,L,230000
2022,SE,FT,Data Architect,230400,USD,US,0,US,M,230400
2021,EX,FT,Head of Data,235000,USD,US,100,US,L,235000
2021,SE,FT,Principal Data Scientist,235000,USD,US,100,US,L,235000
2022,SE,FT,Data Engineer,236000,USD,US,100,US,M,236000
2022,SE,FT,Data Analyst,236600,USD,US,100,US,M,236600
2022,SE,FT,Data Scientist,236900,USD,US,100,US,L,236900
2022,SE,FT,Data Engineer,240000,USD,US,0,US,M,240000
2022,MI,FT,Research Engineer,240000,USD,US,100,US,M,240000
2022,SE,FT,ML Engineer,240000,USD,US,0,US,M,240000
2021,SE,FT,Data Science Manager,240000,USD,US,0,US,L,240000
2022,MI,FT,Data Science Manager,241000,USD,US,100,US,M,241000
2022,EX,FT,Data Engineer,242000,USD,US,100,US,M,242000
2022,SE,FT,Data Science Manager,243225,USD,US,100,US,M,243225
2022,SE,FT,Data Engineer,243900,USD,US,100,US,M,243900
2022,SE,FT,Data Scientist,245000,USD,US,0,US,M,245000
2022,SE,FT,Analytics Engineer,245000,USD,US,0,US,M,245000
2022,SE,FT,Data Scientist,245000,USD,US,0,US,M,245000
2022,SE,FT,Machine Learning Engineer,248700,USD,US,0,US,M,248700
2022,SE,FT,Data Science Manager,249260,USD,US,0,US,M,249260
2022,SE,FT,ETL Developer,250000,USD,US,100,US,M,250000
2022,SE,FT,ETL Developer,250000,USD,US,100,US,M,250000
2022,SE,FT,Data Engineer,250000,USD,US,100,US,M,250000
2022,SE,FT,Data Engineer,250000,USD,US,100,US,M,250000
2022,SE,FT,Analytics Engineer,250000,USD,US,0,US,M,250000
2022,SE,FT,Analytics Engineer,250000,USD,US,0,US,M,250000
2022,SE,FT,Data Engineer,250000,USD,US,0,US,M,250000
2022,SE,FT,ETL Developer,250000,USD,US,0,US,M,250000
2022,SE,FT,Data Architect,250000,USD,US,0,US,M,250000
2022,SE,FT,Data Engineer,250000,USD,US,0,US,M,250000
2021,SE,FT,Cloud Data Architect,250000,USD,US,50,US,L,250000
2022,SE,FT,Data Engineer,250000,USD,US,0,US,M,250000
2022,SE,FT,Data Architect,250000,USD,US,0,US,M,250000
2022,SE,FT,Data Engineer,250000,USD,US,0,US,M,250000
2021,EX,FT,Director of Data Science,250000,USD,US,0,US,L,250000
2020,EN,FT,Machine Learning Engineer,250000,USD,US,50,US,L,250000
2021,SE,FT,ML Engineer,256000,USD,US,100,US,S,256000
2022,SE,FT,Data Engineer,260000,USD,US,0,US,M,260000
2022,EX,FT,Data Engineer,260000,USD,US,100,US,M,260000
2022,SE,FT,Data Scientist,260000,USD,US,100,US,M,260000
2020,SE,FT,Machine Learning Scientist,260000,USD,JP,0,JP,S,260000
2022,EX,FT,Data Science Manager,260500,USD,US,0,US,M,260500
2022,SE,FT,Data Architect,266400,USD,US,100,US,M,266400
2021,MI,CT,ML Engineer,270000,USD,US,100,US,L,270000
2022,SE,FT,Data Engineer,275000,USD,US,100,US,M,275000
2021,SE,FT,Lead Data Engineer,276000,USD,US,0,US,L,276000
2022,EX,FT,Data Engineer,297500,USD,US,100,US,M,297500
2022,SE,FT,Data Engineer,300000,USD,US,0,US,M,300000
2022,SE,FT,Data Engineer,300000,USD,US,0,US,M,300000
2022,SE,FT,Data Engineer,300000,USD,US,0,US,M,300000
2022,SE,FT,Data Science Manager,300000,USD,US,100,US,M,300000
2022,EX,FT,Data Engineer,324000,USD,US,100,US,M,324000
2020,EX,FT,Director of Data Science,325000,USD,US,100,US,L,325000
2022,SE,FT,Data Architect,345600,USD,US,0,US,M,345600
2022,SE,FT,Applied Data Scientist,380000,USD,US,100,US,L,380000
2022,SE,FT,Data Analytics Lead,405000,USD,US,100,US,L,405000
2020,SE,FT,Data Scientist,412000,USD,US,100,US,L,412000
2021,EX,CT,Principal Data Scientist,416000,USD,US,100,US,S,416000
2021,MI,FT,Applied Machine Learning Scientist,423000,USD,US,50,US,L,423000
2020,MI,FT,Research Scientist,450000,USD,US,0,US,M,450000
2021,MI,FT,Financial Data Analyst,450000,USD,US,100,US,L,450000
2021,EX,FT,Principal Data Engineer,600000,USD,US,100,US,L,600000
