Job_title,Salary_In_USD,Large_size,Mid_Level,Senior_Level,Exec_Level,Company_Location
Data Scientist,2428,1,0,1,0,0
Data Scientist,2859,0,1,0,0,0
AI Scientist,3078,0,0,0,0,0
Data Engineer,4000,0,1,0,0,0
Data Scientist,4000,0,0,0,0,0
NLP Engineer,5132,0,1,0,0,0
Power BI Developer,5409,1,0,0,0,0
Data Scientist,5679,0,1,0,0,1
Data Science Consultant,5707,0,0,0,0,0
Data Analyst,5772,0,1,0,0,0
Big Data Engineer,5882,1,0,0,0,0
Data Analyst,6072,0,0,0,0,0
Product Data Analyst,6072,1,1,0,0,0
BI Data Analyst,6294,1,0,0,0,0
Data Analyst,6413,1,0,0,0,0
Analytics Engineer,7500,0,1,0,0,0
Data Analyst,7828,1,0,0,0,0
Product Data Scientist,8000,1,0,1,0,0
Data Analyst,8000,1,1,0,0,0
BI Data Analyst,8120,0,0,0,0,0
BI Data Analyst,9272,0,0,0,0,0
Data Scientist,9466,0,1,0,0,0
Data Scientist,10000,0,1,0,0,0
Computer Vision Engineer,10000,0,0,0,0,0
Data Analyst,10000,0,0,0,0,0
Data Analyst,10354,0,0,0,0,0
AI Scientist,12000,0,0,0,0,1
Machine Learning Scientist,12000,0,1,0,0,0
AI Scientist,12000,0,0,0,0,1
Data Engineer,12103,0,1,0,0,0
Machine Learning Research Engineer,12171,0,0,0,0,0
Data Scientist,12901,0,1,0,0,0
Data Scientist,13400,1,0,0,0,0
Data Engineer,13493,1,0,0,0,0
Data Engineer,13493,1,0,0,0,0
Machine Learning Developer,15000,1,0,0,0,0
Data Analyst,15000,1,0,0,0,0
ML Engineer,15966,0,0,0,0,0
Big Data Engineer,16228,1,0,0,0,0
Data Scientist,16904,0,1,0,0,0
Business Data Analyst,17959,0,1,0,0,0
Data Scientist,17959,0,0,0,0,0
Big Data Engineer,18000,0,1,0,0,0
AI Scientist,18053,0,0,0,0,0
Computer Vision Engineer,18907,0,0,1,0,0
Computer Vision Software Engineer,19073,1,0,0,0,0
Lead Data Analyst,19609,1,1,0,0,0
Data Analyst,20000,0,0,0,0,1
Machine Learning Research Engineer,20000,0,0,0,0,0
Data Analyst,20000,0,1,0,0,0
Product Data Analyst,20000,0,1,0,0,0
Data Analytics Engineer,20000,0,0,0,0,0
Machine Learning Engineer,20000,0,0,0,0,0
Data Engineer,20000,1,1,0,0,1
Data Scientist,20171,1,0,1,0,0
ML Engineer,21057,1,0,0,0,0
Data Engineer,21637,0,0,0,0,0
Data Scientist,21669,0,0,0,0,0
Machine Learning Engineer,21844,0,0,0,0,0
Big Data Engineer,22611,1,1,0,0,0
Machine Learning Scientist,22800,0,1,0,0,0
Data Analyst,22809,0,0,0,0,0
Data Scientist,23090,0,0,0,0,0
Data Engineer,24000,0,1,0,0,1
Data Engineer,24000,0,1,0,0,1
Computer Vision Engineer,24000,0,0,1,0,0
Machine Learning Engineer,24342,1,0,1,0,0
Machine Learning Engineer,24823,0,0,0,0,0
Machine Learning Engineer,24823,1,1,0,0,0
Data Scientist,25000,0,1,0,0,0
Data Engineer,25000,0,0,1,0,1
Data Scientist,25532,0,1,0,0,0
Data Engineer,26005,1,1,0,0,1
Data Engineer,28016,0,1,0,0,0
Data Engineer,28369,1,1,0,0,0
Data Scientist,28399,0,0,0,0,0
Data Analyst,28427,0,0,0,0,0
Data Engineer,28476,1,1,0,0,0
Computer Vision Engineer,28609,0,0,0,0,0
Data Scientist,29751,1,0,0,0,0
Data Scientist,30000,1,1,0,0,0
Machine Learning Engineer,30000,1,0,0,0,0
Lead Data Scientist,30006,0,0,1,0,0
Data Engineer,30428,1,0,0,0,0
Applied Machine Learning Scientist,30533,0,0,0,0,0
Applied Machine Learning Scientist,30787,0,1,0,0,0
Data Scientist,30787,1,1,0,0,0
AI Scientist,31586,0,0,0,0,0
Data Scientist,31586,0,0,0,0,0
Data Analyst,31586,0,1,0,0,0
Data Analyst,31586,0,1,0,0,0
Head of Data,31586,0,1,0,0,0
Data Scientist,33440,1,0,0,0,0
Data Engineer,33511,0,0,1,0,0
Data Scientist,33681,1,1,0,0,0
Data Scientist,33808,0,1,0,0,0
Machine Learning Engineer,35298,1,0,0,0,0
Data Scientist,35735,1,1,0,0,0
NLP Engineer,35988,1,1,0,0,1
BI Data Analyst,36259,1,1,0,0,1
Data Scientist,36643,1,0,0,0,0
Data Analyst,36850,0,0,1,0,0
Data Analyst,36850,0,0,1,0,0
Data Analyst,36850,0,0,1,0,0
Data Analyst,37156,0,1,0,0,0
Data Scientist,37156,0,1,0,0,0
Data Scientist,37825,1,1,0,0,0
Data Scientist,37903,0,0,1,0,0
Data Scientist,37903,0,0,1,0,0
Data Scientist,38000,0,0,1,0,1
Data Scientist,38000,0,0,1,0,1
Data Scientist,38000,0,0,1,0,1
Applied Machine Learning Scientist,38400,0,1,0,0,1
Principal Data Architect,38483,1,0,1,0,0
Data Scientist,38776,0,1,0,0,0
Data Scientist,39916,0,0,0,0,0
Data Scientist,40000,1,0,0,0,0
Data Scientist,40009,1,0,0,0,0
Data Scientist,40038,1,1,0,0,0
Data Science Engineer,40189,0,1,0,0,0
Data Scientist,40481,1,1,0,0,0
Lead Data Scientist,40570,1,0,1,0,0
Data Engineer,41689,0,0,0,0,0
Data Engineer,42000,0,1,0,0,0
Research Scientist,42000,1,0,0,0,0
Data Analyst,42028,1,0,0,0,0
Data Engineer,42114,0,0,1,0,0
Data Analyst,42114,0,1,0,0,0
Data Analyst,42114,0,1,0,0,0
Data Scientist,42197,0,1,0,0,0
Machine Learning Engineer,43331,0,1,0,0,0
Data Scientist,43349,0,1,0,0,0
Data Engineer,43349,0,0,0,0,0
Data Analyst,43349,0,1,0,0,0
BI Data Analyst,45388,1,1,0,0,0
Data Engineer,45390,1,0,0,0,0
Data Engineer,45391,1,1,0,0,0
Machine Learning Engineer,45618,0,0,1,0,0
Data Scientist,45760,0,1,0,0,1
AI Scientist,45896,0,0,0,0,0
Data Analyst,46000,1,0,0,0,1
Machine Learning Engineer,46597,1,1,0,0,0
Data Analyst,46759,1,1,0,0,0
Data Scientist,46809,0,1,0,0,0
Machine Learning Engineer,47282,0,1,0,0,0
Data Scientist,47379,0,0,1,0,0
Data Scientist,47379,0,0,1,0,0
Data Engineer,47379,0,1,0,0,0
Data Engineer,47379,0,1,0,0,0
Data Engineer,47899,1,0,1,0,0
Analytics Engineer,48000,0,1,0,0,0
BI Analyst,48000,0,1,0,0,0
Analytics Engineer,48000,0,0,1,0,1
Data Scientist,48000,0,1,0,0,1
Data Scientist,49268,0,0,0,0,0
Data Engineer,49542,0,0,0,0,0
Data Analyst,49542,0,1,0,0,0
Data Engineer,49542,0,1,0,0,0
Data Engineer,49542,0,0,0,0,0
Data Scientist,49646,0,0,0,0,0
Data Scientist,50000,0,0,1,0,1
Data Engineer,50000,0,0,1,0,1
Data Scientist,50000,0,0,1,0,1
AI Scientist,50000,0,0,0,0,1
Business Data Analyst,50000,1,0,0,0,0
Data Scientist,50000,0,0,0,0,0
Data Analyst,50000,0,0,1,0,0
Data Analyst,50000,1,0,0,0,0
Applied Data Scientist,50000,0,0,0,0,0
Data Analyst,50000,0,1,0,0,1
Data Analyst,50000,0,0,0,0,1
Data Scientist,50000,1,1,0,0,0
Data Analytics Engineer,50000,0,0,1,0,0
Research Scientist,50000,0,0,1,0,1
Machine Learning Infrastructure Engineer,50180,0,1,0,0,0
Data Analyst,50537,0,0,1,0,0
Data Analyst,50537,0,0,1,0,0
Data Analyst,50537,0,0,1,0,0
BI Data Analyst,50537,0,1,0,0,0
Machine Learning Engineer,51064,1,1,0,0,0
Data Scientist,51321,0,0,0,0,0
Data Scientist,51459,1,0,0,0,0
Data Analyst,51519,1,1,0,0,0
Data Analyst,52000,0,0,0,0,0
Data Scientist,52117,0,0,0,0,0
Data Analyst,52500,0,0,1,0,1
Data Analyst,52500,0,1,0,0,1
ETL Developer,52643,0,1,0,0,0
ETL Developer,52643,0,1,0,0,0
Data Engineer,52643,1,1,0,0,0
Data Scientist,53192,1,0,1,0,0
BI Data Analyst,53767,0,1,0,0,0
Data Scientist,53877,1,1,0,0,0
Data Scientist,54000,0,1,0,0,0
Analytics Engineer,54000,0,1,0,0,1
Data Engineer,54000,0,0,1,0,1
Data Science Manager,54094,1,0,1,0,1
Applied Data Scientist,54238,1,1,0,0,0
Data Engineer,54742,1,0,0,0,0
Data Scientist,54749,0,1,0,0,0
Data Scientist,55000,0,0,1,0,1
Data Analyst,55000,0,0,0,0,1
BI Data Analyst,55000,0,0,0,0,1
AI Scientist,55000,1,0,1,0,0
Data Engineer,55591,0,0,0,0,0
Machine Learning Engineer,55734,0,0,0,0,0
Data Engineer,55734,0,1,0,0,0
Machine Learning Infrastructure Engineer,55802,1,1,0,0,0
Lead Data Engineer,56000,0,1,0,0,1
Data Scientist,56256,1,1,0,0,0
Research Scientist,56738,0,1,0,0,0
BI Data Analyst,57000,1,0,0,0,1
Director of Data Science,57908,1,0,1,0,0
Data Analyst,58000,0,1,0,0,1
Data Analyst,58000,0,1,0,0,1
Data Scientist,58000,1,0,0,0,1
Data Scientist,58211,0,1,0,0,0
Data Analyst,59102,0,0,0,0,0
Business Data Analyst,59102,1,0,0,0,0
Data Engineering Manager,59303,0,1,0,0,0
Data Operations Engineer,60000,0,1,0,0,1
NLP Engineer,60000,0,1,0,0,1
Data Operations Engineer,60000,0,1,0,0,1
Data Operations Engineer,60000,0,1,0,0,1
Data Science Engineer,60000,1,0,1,0,0
Data Analyst,60000,0,0,1,0,1
Big Data Engineer,60000,0,1,0,0,0
Data Analyst,60000,0,0,0,0,1
Computer Vision Engineer,60000,0,0,1,0,1
Machine Learning Engineer,60013,1,0,1,0,0
Research Scientist,60757,1,0,1,0,0
Data Scientist,61066,0,1,0,0,0
Data Analyst,61300,0,0,1,0,0
Data Analyst,61300,0,0,1,0,0
Data Scientist,61467,0,1,0,0,0
Finance Data Analyst,61896,1,0,1,0,0
Data Engineer,61927,0,0,0,0,0
Data Analyst,61927,0,0,1,0,0
Lead Data Scientist,61927,0,1,0,0,0
Data Engineer,61927,0,1,0,0,0
Data Scientist,61927,0,1,0,0,0
Data Engineer,61927,0,0,1,0,0
Data Analyst,61927,0,1,0,0,0
Data Analyst,62000,0,1,0,0,1
Data Analyst,62000,1,1,0,0,1
Research Scientist,62119,1,1,0,0,0
Research Scientist,62649,0,1,0,0,0
Data Scientist,62726,0,0,0,0,0
Data Scientist,62726,0,1,0,0,0
ETL Developer,63000,0,0,1,0,1
ETL Developer,63000,0,0,1,0,1
Data Engineer,63000,0,0,1,0,1
Data Engineer,63000,0,0,1,0,1
Analytics Engineer,63000,0,0,1,0,1
Analytics Engineer,63000,0,0,1,0,1
Data Engineer,63000,0,0,1,0,1
ETL Developer,63000,0,0,1,0,1
Data Architect,63000,0,0,1,0,1
Data Engineer,63000,0,0,1,0,1
Data Engineer,63000,0,0,1,0,1
Data Architect,63000,0,0,1,0,1
Data Engineer,63000,0,0,1,0,1
Machine Learning Engineer,63172,0,0,1,0,0
Data Engineer,63172,0,1,0,0,0
Data Engineer,63172,0,1,0,0,0
ML Engineer,63711,0,1,0,0,0
Research Scientist,63810,0,1,0,0,0
Data Science Consultant,63831,1,0,0,0,0
Data Analyst,63831,1,0,1,0,0
Data Engineer,63900,0,1,0,0,1
Data Analyst,64000,1,0,0,0,1
Data Analyst,65000,0,1,0,0,1
Machine Learning Engineer,65000,0,0,1,0,0
Data Engineer,65000,0,0,0,0,1
Data Engineer,65013,0,0,0,0,0
Data Analyst,65161,0,1,0,0,0
Data Engineer,65278,0,1,0,0,0
Data Engineer,65804,0,1,0,0,0
Data Architect,66000,0,0,1,0,1
Data Operations Analyst,66000,0,0,1,0,1
Data Engineer,66022,0,1,0,0,0
Machine Learning Engineer,66265,1,0,1,0,0
Data Analyst,67000,0,0,0,0,0
Data Scientist,68096,0,1,0,0,0
Data Engineer,68120,0,1,0,0,0
Data Engineer,68120,0,1,0,0,0
Data Engineer,68120,0,1,0,0,0
Data Scientist,68120,0,1,0,0,0
Data Analyst,68400,0,0,1,0,1
Data Scientist,68428,1,0,1,0,1
Machine Learning Engineer,68436,0,0,1,0,0
Data Analyst,69000,0,0,1,0,1
Lead Machine Learning Engineer,69489,1,0,1,0,0
Business Data Analyst,69643,1,1,0,0,0
Data Engineer,69741,1,1,0,0,0
Data Science Consultant,69741,0,0,0,1,0
Research Scientist,69999,1,1,0,0,0
Data Operations Engineer,70000,0,0,1,0,1
Data Specialist,70000,0,0,1,0,1
Big Data Engineer,70000,1,0,0,0,1
Computer Vision Software Engineer,70000,0,0,0,0,1
Data Engineer,70139,1,1,0,0,0
Data Engineer,70500,0,0,1,0,1
Data Analyst,71786,0,0,1,0,0
Data Analyst,72000,1,0,0,0,1
Data Engineer,72212,1,1,0,0,0
Data Engineer,72500,1,0,0,0,1
Data Scientist,73000,0,0,0,0,1
Data Scientist,73000,1,1,0,0,1
Data Engineer,73701,0,0,1,0,0
Data Scientist,73701,1,1,0,0,0
Data Engineer,73701,0,1,0,0,0
Data Engineer,73701,0,1,0,0,0
Data Engineer,73701,0,1,0,0,0
Data Engineer,73701,0,1,0,0,0
Machine Learning Engineer,74000,0,1,0,0,0
Data Engineer,74130,1,1,0,0,0
Data Scientist,74286,1,0,0,0,0
Data Engineer,74313,0,1,0,0,0
Data Engineer,74313,0,1,0,0,0
Data Engineer,74313,0,1,0,0,0
Data Engineer,74313,0,1,0,0,0
Data Engineer,74313,0,0,1,0,0
Financial Data Analyst,75000,0,1,0,0,1
Applied Machine Learning Scientist,75000,0,1,0,0,1
Data Analyst,75000,0,1,0,0,0
Applied Machine Learning Scientist,75000,1,1,0,0,1
Principal Data Analyst,75000,0,1,0,0,0
Data Analyst,75000,1,1,0,0,1
Data Engineer,75050,1,1,0,0,0
Data Scientist,75774,1,1,0,0,0
Data Scientist,75806,0,1,0,0,0
BI Analyst,76000,1,0,0,0,1
Data Science Consultant,76833,0,0,0,0,0
Data Science Consultant,76833,1,0,0,0,0
Data Engineer,76833,0,0,1,0,0
Data Scientist,76958,0,1,0,0,0
Head of Machine Learning,76967,1,0,0,1,0
Applied Machine Learning Scientist,77280,1,0,1,0,0
ML Engineer,77364,0,1,0,0,0
Machine Learning Developer,77382,0,1,0,0,0
Machine Learning Developer,77382,0,0,1,0,0
Data Scientist,77684,0,0,1,0,0
Data Scientist,78000,0,1,0,0,1
Analytics Engineer,78000,0,1,0,0,0
Data Engineer,78000,0,1,0,0,0
BI Analyst,78000,0,1,0,0,0
Data Scientist,78000,0,1,0,0,1
Data Analytics Engineer,79197,1,0,1,0,0
Data Engineering Manager,79833,1,0,0,1,0
Data Scientist,79833,1,1,0,0,0
Data Analyst,80000,0,0,1,0,1
Data Analyst,80000,0,1,0,0,1
Data Scientist,80000,1,0,0,0,1
Data Engineer,80000,0,0,1,0,1
Data Engineer,80000,1,0,0,0,1
Data Engineer,80000,1,0,1,0,1
Data Scientist,80000,0,0,1,0,1
Data Analyst,80000,0,0,1,0,1
Data Engineer,80000,0,0,1,0,1
Data Scientist,80000,0,0,0,0,1
Data Engineer,80000,1,0,0,0,1
Data Analyst,80000,0,0,1,0,1
Data Analyst,80000,0,0,0,0,1
Data Analyst,80000,1,1,0,0,1
Data Engineer,80505,0,1,0,0,0
Data Engineer,80505,0,1,0,0,0
Data Scientist,80505,0,1,0,0,0
Analytics Engineer,80510,0,0,1,0,0
Data Operations Analyst,81000,0,0,1,0,1
Machine Learning Engineer,81000,0,0,0,0,1
Data Architect,81500,0,0,1,0,1
Data Analyst,81666,0,0,1,0,1
Data Analyst,81666,0,0,1,0,1
Data Analyst,81666,0,0,1,0,1
Data Scientist,82000,1,0,0,0,1
Data Scientist,82500,0,1,0,0,1
Data Engineer,82528,1,1,0,0,0
Research Scientist,82528,1,0,0,0,0
Machine Learning Engineer,82744,0,0,1,0,0
Data Engineer,82762,0,0,1,0,0
Data Engineer,82900,0,1,0,0,1
Machine Learning Engineer,83000,1,0,0,0,1
Data Scientist,83793,1,1,0,0,0
Data Scientist,83793,0,0,0,0,0
Data Scientist,84000,0,1,0,0,0
ML Engineer,84000,0,0,1,0,1
Research Scientist,84229,0,1,0,0,0
Data Engineer,84229,0,1,0,0,0
Data Engineer,84229,0,1,0,0,0
Data Scientist,84229,1,0,0,0,0
Research Scientist,84229,1,0,0,1,0
Machine Learning Engineer,84229,0,1,0,0,0
Data Engineer,84229,0,1,0,0,0
Data Engineer,84229,0,1,0,0,0
Lead Machine Learning Engineer,84229,0,0,1,0,0
Machine Learning Engineer,84491,1,1,0,0,0
Data Analyst,84900,0,0,1,0,1
Data Scientist,85000,0,1,0,0,1
Data Analyst,85000,0,1,0,0,1
Analytics Engineer,85000,0,1,0,0,1
Data Engineer,85000,0,0,1,0,1
Data Engineer,85000,0,0,1,0,1
Data Engineer,85000,0,0,1,0,1
Data Engineer,85000,0,0,1,0,1
Machine Learning Engineer,85000,0,0,1,0,1
Data Analyst,85000,0,1,0,0,0
Head of Data Science,85000,0,0,0,1,0
Machine Learning Engineer,85000,0,0,0,0,0
Data Analyst,85000,1,1,0,0,1
Data Analyst,85700,0,0,1,0,1
Data Engineer,86000,1,0,0,0,1
Data Engineer,86698,0,1,0,0,0
Data Analyst,86698,0,0,1,0,0
Data Engineer,86698,0,1,0,0,0
Data Scientist,86698,0,1,0,0,0
Lead Data Analyst,87000,1,1,0,0,1
Data Scientist,87738,0,0,1,0,0
Data Scientist,88100,0,0,1,0,1
Data Scientist,88100,0,0,1,0,1
Marketing Data Analyst,88654,1,0,1,0,0
Machine Learning Engineer,88654,0,1,0,0,0
Data Scientist,88654,1,1,0,0,0
Data Analyst,89200,0,0,1,0,1
Cloud Data Engineer,89294,1,1,0,0,0
Data Scientist,89494,0,1,0,0,0
Research Scientist,89494,1,0,1,0,0
Machine Learning Engineer,90000,0,1,0,0,1
Data Engineer,90000,0,0,1,0,1
Data Analyst,90000,0,0,1,0,1
Data Engineer,90000,0,0,1,0,1
Data Scientist,90000,0,1,0,0,1
Data Analyst,90000,0,1,0,0,1
Data Engineer,90000,1,1,0,0,1
Data Analyst,90000,0,0,0,0,1
Data Scientist,90000,0,0,0,0,1
Data Science Consultant,90000,0,0,0,0,1
Data Analyst,90320,0,0,1,0,1
Data Analyst,90320,0,0,1,0,1
Data Analyst,90320,0,0,1,0,1
Data Analyst,90320,0,0,1,0,1
Data Analyst,90320,0,0,1,0,1
Data Analyst,90320,0,0,1,0,1
Data Architect,90700,0,0,1,0,0
Data Scientist,90734,1,1,0,0,0
Data Scientist,90734,1,1,0,0,0
Data Analyst,91000,1,0,0,0,1
Data Scientist,91237,0,0,1,0,0
Data Engineer,91652,0,1,0,0,0
Data Scientist,92000,1,0,1,0,1
Data Scientist,92000,1,0,1,0,1
Data Operations Analyst,92250,0,0,1,0,1
Analytics Engineer,92891,0,0,1,0,0
Data Engineer,92891,0,1,0,0,0
Data Engineer,92891,0,1,0,0,0
Machine Learning Engineer,92891,0,1,0,0,0
Data Engineer,92891,0,1,0,0,0
Data Engineer,92891,0,1,0,0,0
Data Scientist,93000,0,0,0,0,1
Data Analyst,93000,1,1,0,0,1
Data Engineer,93150,0,1,0,0,1
Data Analyst,93700,0,0,1,0,1
Data Analyst,93700,0,0,1,0,1
Data Engineer,93700,0,0,1,0,1
Machine Learning Engineer,94564,1,0,1,0,0
Data Science Manager,94665,1,0,1,0,0
Data Analyst,95000,0,0,1,0,1
Data Analyst,95000,0,0,1,0,1
Data Analyst,95000,0,0,1,0,1
Data Specialist,95000,0,0,1,0,1
Data Scientist,95550,0,0,1,0,1
Computer Vision Software Engineer,95746,0,1,0,0,1
Research Scientist,96113,1,0,1,0,0
Lead Machine Learning Engineer,96209,1,0,1,0,0
Data Engineer,96282,1,0,1,0,0
Data Engineer,97000,0,0,1,0,1
Data Analyst,97500,1,1,0,0,1
Data Manager,98000,0,1,0,0,1
Data Manager,98000,0,1,0,0,1
BI Data Analyst,98000,0,1,0,0,1
ML Engineer,98200,1,1,0,0,1
Data Engineer,99000,0,0,1,0,1
Data Analyst,99000,0,0,1,0,1
Data Analyst,99000,0,0,1,0,1
Data Analyst,99000,0,0,1,0,1
Data Analyst,99050,0,0,1,0,1
Data Engineer,99084,0,1,0,0,0
Data Engineer,99084,0,1,0,0,0
Data Engineer,99084,0,1,0,0,0
Data Scientist,99084,0,0,1,0,0
Data Engineer,99100,0,0,1,0,1
Data Engineer,99100,0,1,0,0,1
Data Scientist,99360,0,0,1,0,1
Data Analyst,99450,0,0,1,0,1
Data Analyst,99450,0,0,1,0,1
Big Data Architect,99703,0,0,1,0,0
Data Analyst,99750,0,0,1,0,1
Data Scientist,100000,0,1,0,0,1
Data Engineer,100000,0,0,1,0,1
Data Analyst,100000,0,1,0,0,1
Data Analyst,100000,0,0,1,0,1
Data Analyst,100000,0,0,1,0,1
ML Engineer,100000,0,1,0,0,1
Data Scientist,100000,0,0,0,0,1
Data Operations Engineer,100000,0,1,0,0,1
Data Operations Engineer,100000,0,1,0,0,1
Data Engineer,100000,0,1,0,0,1
Analytics Engineer,100000,0,0,1,0,1
Data Operations Engineer,100000,0,1,0,0,1
Data Engineer,100000,0,0,1,0,1
Data Engineer,100000,1,0,1,0,1
Data Scientist,100000,1,0,1,0,1
Machine Learning Engineer,100000,0,0,1,0,1
Business Data Analyst,100000,1,0,1,0,1
Data Engineer,100000,0,0,1,0,1
Data Analyst,100000,0,0,1,0,1
Data Engineer,100000,0,0,1,0,1
Data Analyst,100000,0,0,1,0,1
Data Engineer,100000,0,0,1,0,1
Data Scientist,100000,0,0,1,0,1
Data Scientist,100000,0,1,0,0,1
Data Scientist,100000,0,0,0,0,1
Data Scientist,100000,0,0,0,0,0
Financial Data Analyst,100000,1,0,0,0,1
Machine Learning Developer,100000,0,0,0,0,0
Data Engineer,100000,1,1,0,0,1
BI Data Analyst,100000,0,1,0,0,1
Research Scientist,100000,1,0,0,0,0
Data Scientist,100000,0,0,0,0,1
Business Data Analyst,100000,1,0,0,0,1
Data Engineer,100800,1,0,1,0,1
Data Scientist,101570,0,0,1,0,1
Data Engineer,101570,0,0,1,0,1
Data Engineer,102100,0,0,1,0,1
Data Engineer,102100,0,0,1,0,1
Data Architect,102100,0,0,1,0,1
Data Analyst,102100,0,0,1,0,1
Data Scientist,102100,0,1,0,0,1
Data Scientist,102799,0,1,0,0,0
Head of Data,102839,1,0,1,0,0
Data Science Consultant,103000,1,1,0,0,1
Lead Data Engineer,103160,0,0,1,0,0
Analytics Engineer,103265,0,0,1,0,0
Data Scientist,103691,1,0,1,0,0
Data Scientist,104000,0,0,1,0,1
Analytics Engineer,104038,0,0,1,0,0
Data Scientist,104300,1,0,1,0,1
Data Scientist,104890,0,0,1,0,1
Data Operations Engineer,105000,0,0,1,0,1
Data Analyst,105000,0,1,0,0,1
Data Specialist,105000,1,0,0,0,1
Data Engineer,105000,0,0,1,0,1
Data Engineer,105000,0,0,1,0,1
Data Analyst,105000,0,0,1,0,1
Data Engineer,105000,0,0,1,0,1
Data Scientist,105000,1,1,0,0,1
Staff Data Scientist,105000,0,0,1,0,1
Data Scientist,105000,0,0,0,0,1
Data Engineer,105224,0,0,1,0,0
Data Engineer,105276,0,1,0,0,0
Data Analytics Manager,105400,0,0,1,0,1
Data Engineer,105700,1,0,1,0,1
Data Engineer,106000,1,1,0,0,1
Data Analyst,106260,0,1,0,0,1
Data Analyst,106260,0,0,1,0,1
Data Scientist,106800,0,0,1,0,1
Machine Learning Engineer,108000,0,0,0,0,1
Data Scientist,108000,1,1,0,0,1
Analytics Engineer,108000,0,1,0,0,1
Applied Machine Learning Scientist,108000,1,0,1,0,1
Data Engineer,108800,0,0,1,0,1
Data Scientist,109000,1,1,0,0,1
Big Data Engineer,109024,0,0,1,0,0
Data Analyst,109280,0,0,1,0,1
Data Analyst,109280,0,0,1,0,1
Data Analytics Manager,109280,0,0,1,0,1
Data Engineer,110000,0,0,1,0,1
Data Engineer,110000,0,0,1,0,1
Data Engineer,110000,0,0,1,0,1
Analytics Engineer,110000,0,0,1,0,1
Machine Learning Engineer,110000,0,0,1,0,0
Analytics Engineer,110000,0,0,1,0,1
Data Analyst,110000,0,0,1,0,1
Data Scientist,110000,0,0,0,0,0
Data Analyst,110000,0,0,0,1,1
Data Analytics Engineer,110000,1,1,0,0,1
Head of Data Science,110000,0,1,0,0,1
Data Engineer,110000,1,1,0,0,1
Data Engineer,110000,1,1,0,0,1
Applied Data Scientist,110037,1,0,0,0,0
Data Engineer,110500,0,0,1,0,1
Data Analyst,110600,0,0,1,0,1
Data Analyst,110600,0,0,1,0,1
Data Analyst,110600,0,0,1,0,1
Data Analyst,110925,0,0,1,0,1
Data Analyst,110925,0,0,1,0,1
Data Engineer,111469,0,1,0,0,0
Data Scientist,111469,0,1,0,0,0
Data Engineer,111469,0,1,0,0,0
Data Scientist,111469,0,0,1,0,0
Data Engineer,111775,0,1,0,0,1
Data Analyst,112000,0,1,0,0,1
Data Engineer,112000,1,1,0,0,1
Machine Learning Scientist,112300,1,1,0,0,1
Data Engineer,112872,1,1,0,0,0
Data Analyst,112900,0,0,1,0,1
Data Analyst,112900,0,0,1,0,1
Data Analyst,112900,0,0,1,0,1
Data Analyst,112900,0,0,1,0,1
Data Analyst,112900,0,0,1,0,1
Data Analyst,113000,0,0,1,0,1
Data Analyst,113000,1,1,0,0,1
Data Analytics Consultant,113000,1,1,0,0,1
Data Engineer,113000,1,0,1,0,1
Director of Data Engineering,113476,0,0,1,0,0
Data Architect,113900,0,0,1,0,1
Big Data Engineer,114047,0,0,1,0,0
Data Engineer,115000,0,0,1,0,1
Data Analyst,115000,0,0,1,0,1
Data Engineer,115000,0,0,1,0,1
Data Analyst,115000,1,0,1,0,1
Data Engineer,115000,0,0,1,0,1
Machine Learning Engineer,115000,1,0,0,0,1
Data Engineer,115000,0,0,1,0,1
Data Engineer,115000,0,0,1,0,1
Data Engineer,115000,0,0,1,0,1
Lead Data Scientist,115000,1,1,0,0,0
Data Scientist,115000,1,1,0,0,1
Data Scientist,115360,0,1,0,0,1
Data Analyst,115500,0,1,0,0,1
Data Scientist,115816,0,1,0,0,0
Data Analyst,115934,0,0,1,0,1
Data Analyst,115934,0,0,1,0,1
Data Analyst,115934,0,0,1,0,1
Data Analyst,116000,0,0,1,0,1
Lead Data Engineer,116073,0,0,0,1,0
Machine Learning Engineer,116100,0,0,1,0,0
Data Engineer,116100,0,0,0,1,1
Data Analyst,116150,0,0,1,0,1
Data Scientist,116914,1,1,0,0,0
Data Engineer,117000,0,0,1,0,1
Data Analyst,117000,0,0,1,0,1
Data Analyst,117000,0,0,1,0,1
Machine Learning Manager,117104,1,0,1,0,0
Machine Learning Engineer,117662,0,1,0,0,0
Data Scientist,118000,0,1,0,0,1
Data Scientist,118900,0,1,0,0,0
Data Analyst,119000,0,0,1,0,1
Data Scientist,119059,0,1,0,0,0
Data Scientist,119300,1,0,1,0,1
Data Scientist,119300,1,0,1,0,1
Data Scientist,120000,0,1,0,0,1
Data Analyst,120000,0,0,1,0,1
Data Scientist,120000,0,0,1,0,1
Analytics Engineer,120000,0,0,1,0,1
Data Scientist,120000,0,0,1,0,1
AI Scientist,120000,0,1,0,0,1
Data Scientist,120000,1,0,1,0,1
Machine Learning Engineer,120000,0,0,1,0,1
Data Scientist,120000,0,1,0,0,1
Machine Learning Engineer,120000,0,0,1,0,0
Machine Learning Engineer,120000,0,1,0,0,1
Research Scientist,120000,1,0,0,0,1
Data Engineer,120000,0,0,0,0,1
Machine Learning Scientist,120000,0,0,1,0,1
Data Analytics Manager,120000,0,0,1,0,1
Data Analytics Manager,120000,1,0,1,0,1
Data Scientist,120000,1,0,1,0,1
Data Scientist,120160,0,0,1,0,1
Data Scientist,120221,1,1,0,0,0
Data Analyst,120600,0,0,1,0,1
Data Science Consultant,122000,0,0,1,0,1
Data Scientist,122500,0,0,1,0,1
Analytics Engineer,122500,0,0,1,0,1
Data Operations Analyst,123000,0,0,1,0,1
Data Scientist,123000,0,0,1,0,1
Data Scientist,123000,0,0,1,0,1
Data Scientist,123000,0,0,1,0,1
Data Scientist,123400,0,0,1,0,1
Data Scientist,123400,0,0,1,0,1
Data Analyst,124190,0,0,1,0,1
ETL Developer,124270,0,0,1,0,1
Computer Vision Engineer,125000,0,0,0,0,1
Machine Learning Engineer,125000,0,0,0,0,1
Lead Data Engineer,125000,0,0,1,0,0
Data Analyst,125404,0,0,0,0,1
Data Engineer,126000,0,0,1,0,1
Data Engineer,126000,0,0,1,0,1
Research Scientist,126344,0,1,0,0,0
Data Analyst,126500,0,1,0,0,1
Data Analyst,126500,0,0,1,0,1
Data Manager,126906,1,0,0,1,0
Data Analyst,127000,0,0,1,0,1
Data Science Engineer,127221,1,0,1,0,0
Data Architect,128000,0,0,1,0,1
Data Scientist,128000,0,0,1,0,1
Machine Learning Engineer,128809,1,1,0,0,0
Data Analyst,128875,0,0,1,0,1
Data Analyst,128875,0,0,1,0,1
Data Engineer,128875,0,0,1,0,1
Data Engineer,129000,1,0,0,0,1
Data Analyst,129000,0,0,1,0,1
Data Scientist,129300,0,0,1,0,1
Data Engineer,129300,0,0,1,0,1
Data Scientist,129300,0,0,1,0,1
Data Scientist,129300,0,0,1,0,1
Data Engineer,129300,0,0,1,0,1
Data Scientist,129300,0,0,1,0,1
Data Scientist,129300,0,0,1,0,1
Data Engineer,129300,0,0,1,0,1
Data Engineer,129300,0,0,1,0,1
Machine Learning Scientist,129300,0,0,1,0,1
Machine Learning Engineer,129300,0,0,1,0,1
Machine Learning Engineer,129300,0,1,0,0,1
Machine Learning Engineer,130000,0,1,0,0,1
Data Engineer,130000,0,0,1,0,1
Data Analyst,130000,0,0,1,0,1
Data Engineer,130000,0,0,1,0,1
Data Engineer,130000,0,0,1,0,1
Data Scientist,130000,0,0,1,0,1
Data Engineer,130000,0,0,1,0,1
Analytics Engineer,130000,0,0,1,0,1
Analytics Engineer,130000,0,0,1,0,1
ML Engineer,130000,0,0,1,0,1
Data Engineer,130000,0,0,1,0,1
Data Scientist,130000,0,0,1,0,1
Data Analyst,130000,0,0,1,0,1
Data Analyst,130000,0,1,0,0,1
Analytics Engineer,130000,1,0,0,0,1
Data Engineer,130000,0,0,1,0,1
Data Scientist,130000,0,1,0,0,1
Data Analyst,130000,0,0,0,1,1
Data Analyst,130000,0,0,1,0,0
Data Analyst,130000,0,0,1,0,0
Data Engineer,130000,0,0,1,0,1
Data Engineer,130000,0,0,1,0,1
Data Scientist,130000,0,1,0,0,1
Data Scientist,130000,1,1,0,0,1
Director of Data Science,130026,0,0,0,1,0
Data Analyst,130050,0,0,1,0,1
Data Scientist,130240,0,0,1,0,1
Data Engineer,130500,0,0,1,0,1
Data Engineer,130500,0,0,1,0,1
Data Engineer,130800,0,1,0,0,1
ML Engineer,131300,1,0,1,0,1
Data Architect,131300,1,0,1,0,1
Machine Learning Engineer,131300,1,0,1,0,1
Data Architect,131300,1,0,1,0,1
Data Engineer,131300,1,0,1,0,1
Machine Learning Engineer,131300,1,0,1,0,1
Machine Learning Engineer,131300,1,0,1,0,1
Data Engineer,132000,0,0,1,0,1
Data Analyst,132000,0,0,1,0,1
Data Engineer,132100,1,0,1,0,1
Data Engineer,132100,1,0,1,0,1
Data Engineer,132320,0,0,1,0,1
Data Engineer,132320,0,0,1,0,1
Data Engineer,132320,0,0,1,0,1
Data Scientist,132524,0,1,0,0,0
Data Manager,134000,0,1,0,0,1
Data Manager,134000,0,1,0,0,1
Data Science Manager,134000,0,1,0,0,1
Data Science Manager,134768,1,0,1,0,0
Data Engineer,135000,0,0,1,0,1
Data Analyst,135000,0,0,1,0,1
Data Analytics Engineer,135000,1,1,0,0,1
Data Architect,135000,0,0,1,0,1
Machine Learning Engineer,135000,0,0,1,0,0
Data Architect,135000,0,0,1,0,1
Data Engineer,135000,0,0,1,0,1
Data Architect,135000,0,0,1,0,1
Data Engineer,135000,0,0,1,0,1
Data Engineer,135000,0,0,1,0,1
Machine Learning Engineer,135000,0,0,1,0,1
Analytics Engineer,135000,0,0,1,0,1
Data Engineer,135000,0,0,1,0,0
Data Engineer,135000,0,0,1,0,1
Data Analyst,135000,0,0,1,0,1
Analytics Engineer,135000,0,0,0,1,1
Data Analyst,135000,0,0,1,0,1
Data Analyst,135000,0,1,0,0,1
Data Engineer,135000,0,0,1,0,1
Data Scientist,135000,1,1,0,0,1
Data Analyst,135000,1,1,0,0,1
Data Scientist,135000,1,0,1,0,1
Business Data Analyst,135000,1,1,0,0,1
Data Scientist,136000,0,0,1,0,1
Data Analyst,136000,0,1,0,0,1
Data Engineer,136000,0,0,1,0,1
Data Scientist,136100,0,0,1,0,1
Data Engineer,136240,0,1,0,0,0
Data Analyst,136260,0,0,1,0,1
Data Analyst,136600,0,0,1,0,1
Data Scientist,136620,0,0,1,0,1
Data Scientist,136994,0,0,1,0,1
Data Engineer,136994,0,0,1,0,1
Data Science Manager,137141,0,0,1,0,1
Data Engineer,137400,0,0,1,0,0
Machine Learning Engineer,138000,0,0,0,0,1
Data Scientist,138350,0,1,0,0,1
Data Scientist,138600,0,0,1,0,1
Data Scientist,138938,0,0,1,0,1
Data Science Consultant,139000,0,0,1,0,1
Data Analyst,139600,0,0,1,0,1
Data Engineer,139860,0,0,1,0,1
Data Scientist,140000,0,0,1,0,1
Machine Learning Engineer,140000,0,0,1,0,0
Data Engineer,140000,0,0,1,0,1
Analytics Engineer,140000,0,0,1,0,1
Data Scientist,140000,0,0,1,0,1
Product Data Analyst,140000,0,1,0,0,1
Data Scientist,140000,0,0,1,0,1
Data Scientist,140000,1,0,1,0,1
Data Scientist,140000,0,0,1,0,1
Data Scientist,140000,0,0,1,0,1
Data Scientist,140000,0,0,1,0,1
Data Scientist,140000,0,0,1,0,1
Data Scientist,140000,0,0,1,0,1
Data Scientist,140000,0,0,1,0,1
Data Engineer,140000,1,1,0,0,1
Data Analytics Manager,140000,1,0,1,0,1
Data Science Manager,140100,1,0,1,0,1
Analytics Engineer,140250,0,0,1,0,1
Data Engineer,140250,0,0,1,0,1
Data Scientist,140400,1,0,1,0,1
Data Scientist,140400,1,0,1,0,1
Data Scientist,140400,0,0,1,0,1
Data Engineer,141300,0,0,1,0,1
Data Engineer,141300,0,0,1,0,1
Data Architect,141300,0,0,1,0,1
Data Scientist,141300,0,1,0,0,1
Applied Scientist,141525,0,0,1,0,1
Data Scientist,141525,0,0,1,0,1
Data Scientist,141525,0,0,1,0,1
Data Scientist,141525,0,0,1,0,1
Data Scientist,141525,0,0,1,0,1
Data Scientist,141525,0,0,1,0,1
Data Scientist,141525,0,0,1,0,1
Data Scientist,141525,0,0,1,0,1
Data Scientist,141525,0,0,1,0,1
Data Scientist,141525,0,0,1,0,1
Data Scientist,141525,0,0,1,0,1
Data Scientist,141525,0,0,1,0,1
Data Scientist,141525,0,0,1,0,1
Data Scientist,141525,0,0,1,0,1
Data Scientist,141525,0,0,1,0,1
Data Scientist,141525,0,0,1,0,1
Data Scientist,141525,0,0,1,0,1
Data Scientist,141525,0,0,1,0,1
Data Scientist,141525,0,0,1,0,1
Data Scientist,141525,0,0,1,0,1
Data Scientist,141525,0,0,1,0,1
Data Scientist,141525,0,0,1,0,1
Data Scientist,141525,0,0,1,0,1
Director of Data Science,141846,1,0,0,1,0
Machine Learning Engineer,142200,0,0,1,0,1
Applied Scientist,142800,0,0,1,0,1
Data Scientist,144000,1,0,1,0,1
Data Scientist,144000,0,0,1,0,1
Data Scientist,144000,0,0,1,0,1
Data Scientist,144000,1,0,1,0,1
Data Analyst,144000,0,0,1,0,1
Machine Learning Scientist,144000,0,0,1,0,1
Data Scientist,144000,0,0,1,0,1
Research Scientist,144000,1,0,1,0,1
Data Science Manager,144000,1,0,1,0,1
Data Analyst,144100,0,0,1,0,1
Data Analyst,144100,0,1,0,0,1
Data Scientist,144200,0,1,0,0,1
Data Architect,144854,0,0,1,0,1
Data Engineer,145000,0,0,1,0,1
Data Engineer,145000,0,0,1,0,1
Research Scientist,145000,1,1,0,0,1
Data Engineer,145000,0,0,1,0,1
Data Analytics Manager,145000,0,0,1,0,1
Data Engineer,145000,0,0,1,0,1
Data Scientist,145300,0,0,1,0,1
Data Scientist,146000,0,0,1,0,1
ETL Developer,146200,0,0,1,0,1
Data Scientist,147000,1,1,0,0,1
Data Architect,147800,0,0,1,0,1
Data Scientist,148000,0,0,1,0,1
Principal Data Scientist,148261,0,0,1,0,0
ML Engineer,148500,1,1,0,0,1
Data Specialist,148700,1,0,1,0,1
Machine Learning Infrastructure Engineer,148800,0,0,1,0,1
Machine Learning Engineer,148800,0,0,1,0,1
Data Scientist,148800,0,0,1,0,1
Data Architect,149040,0,0,1,0,1
Data Engineer,150000,0,0,1,0,1
Data Analyst,150000,0,1,0,0,1
Data Analyst,150000,0,0,1,0,1
Data Engineer,150000,0,0,1,0,1
Data Analyst,150000,0,0,1,0,1
Analytics Engineer,150000,0,0,1,0,1
Data Engineer,150000,0,0,1,0,1
Machine Learning Manager,150000,0,0,1,0,1
Data Engineer,150000,0,0,1,0,1
Business Data Analyst,150000,1,1,0,0,1
Data Engineer,150000,0,1,0,0,1
Data Engineer,150000,0,0,1,0,1
Analytics Engineer,150000,0,0,0,1,1
Machine Learning Engineer,150000,1,0,1,0,1
Data Analyst,150000,1,0,0,0,1
Data Engineer,150000,0,1,0,0,1
Data Scientist,150000,0,0,1,0,1
Data Scientist,150000,0,0,1,0,1
Data Analyst,150000,0,0,1,0,1
Data Engineering Manager,150000,1,0,1,0,1
Computer Vision Software Engineer,150000,0,0,0,0,0
Data Architect,150000,1,1,0,0,1
Data Scientist,150000,0,1,0,0,1
BI Data Analyst,150000,1,0,0,1,1
Data Engineer,150000,0,0,1,0,1
Data Engineer,150000,1,0,1,0,1
Machine Learning Engineer,150000,1,0,1,0,1
Data Analyst,150075,0,0,1,0,1
Data Analyst,150075,0,0,1,0,1
Data Analytics Manager,150260,0,0,1,0,1
Principal Data Scientist,151000,1,1,0,0,1
Data Scientist,151800,0,0,1,0,1
Analytics Engineer,152000,0,0,1,0,1
Data Scientist,152000,0,0,1,0,1
Data Science Manager,152000,1,0,1,0,0
Data Science Manager,152500,0,0,1,0,1
Data Scientist,153000,0,0,1,0,1
Data Scientist,153000,0,0,1,0,1
Data Scientist,153000,1,1,0,0,1
Machine Learning Scientist,153000,0,1,0,0,1
Data Engineering Manager,153000,1,0,1,0,1
Data Scientist,153600,0,0,1,0,1
Director of Data Science,153667,1,0,0,1,0
Data Scientist,154000,0,0,1,0,1
Data Scientist,154000,0,0,1,0,1
Data Engineer,154000,0,0,1,0,1
Data Engineer,154000,0,0,1,0,1
Data Engineer,154545,1,0,1,0,1
Data Engineer,154545,1,0,1,0,1
Data Engineer,154600,1,0,1,0,1
Data Engineer,154600,1,0,1,0,1
Data Engineer,155000,0,0,1,0,1
Data Scientist,155000,0,0,1,0,1
Data Scientist,155000,0,0,1,0,1
Data Scientist,155000,0,0,1,0,1
Data Engineer,155000,0,0,1,0,1
Data Analyst,155000,0,0,1,0,1
Data Engineer,155000,0,0,1,0,1
Principal Data Scientist,155825,0,0,1,0,0
Data Scientist,156400,0,0,1,0,1
Data Scientist,156400,0,0,1,0,1
Data Scientist,156400,0,0,1,0,1
Data Engineer,156600,0,0,1,0,1
Lead Data Scientist,156868,1,0,1,0,1
Analytics Engineer,157000,0,0,0,1,1
Applied Data Scientist,157000,1,1,0,0,1
Data Science Manager,158000,0,1,0,0,1
Data Scientist,158200,1,0,1,0,1
Data Scientist,159000,1,0,1,0,1
Data Science Manager,159000,0,1,0,0,1
Data Scientist,159200,1,0,1,0,1
Data Scientist,159699,0,0,1,0,1
Head of Data,160000,0,0,0,1,1
Data Engineer,160000,0,0,1,0,1
Data Engineer,160000,0,0,1,0,1
Data Engineer,160000,0,0,1,0,1
Data Architect,160000,0,0,1,0,1
Data Engineer,160000,0,0,1,0,1
Data Engineer,160000,0,0,1,0,1
Data Engineer,160000,0,0,1,0,1
Data Scientist,160000,1,0,1,0,1
Data Scientist,160000,0,1,0,0,1
Data Scientist,160000,1,0,1,0,1
Data Scientist,160000,1,0,1,0,1
Data Engineer,160000,0,0,1,0,1
Data Scientist,160000,1,0,1,0,1
Data Scientist,160000,1,0,1,0,1
ML Engineer,160000,0,0,1,0,1
Machine Learning Scientist,160000,1,1,0,0,1
Data Engineer,160000,1,0,1,0,1
Data Engineer,160000,0,0,1,0,1
Data Engineer,160000,0,0,1,0,1
Data Scientist,160000,0,1,0,0,1
Cloud Data Engineer,160000,0,0,1,0,1
Lead Data Engineer,160000,0,0,1,0,1
Data Scientist,160000,1,1,0,0,1
Data Engineer,160080,0,0,1,0,1
Data Engineer,160080,0,0,1,0,1
Data Engineer,160395,0,0,1,0,1
Data Engineer,161000,0,0,1,0,1
Data Science Manager,161342,0,0,1,0,1
Big Data Engineer,162502,0,0,1,0,0
Data Engineer,164000,0,0,1,0,1
Data Analyst,164000,0,0,1,0,1
Machine Learning Engineer,164996,0,0,1,0,1
Machine Learning Engineer,164996,0,0,1,0,1
Machine Learning Engineer,164996,0,0,1,0,1
Data Science Lead,165000,0,0,1,0,1
Data Engineer,165000,0,0,1,0,1
Data Scientist,165000,1,0,1,0,1
Analytics Engineer,165000,0,0,1,0,1
Data Scientist,165000,0,0,1,0,1
Data Scientist,165000,1,0,1,0,1
Data Engineer,165000,0,0,1,0,1
Data Specialist,165000,1,0,1,0,1
Data Scientist,165220,0,0,1,0,1
Data Engineer,165400,0,0,1,0,1
Data Engineer,165400,0,0,1,0,1
Data Engineer,166000,0,0,1,0,1
Data Analyst,166700,0,0,1,0,1
Data Scientist,167000,0,0,1,0,1
Data Analyst,167000,0,1,0,0,1
Machine Learning Engineer,167100,0,0,1,0,1
Head of Data Science,167875,0,0,0,1,1
Data Scientist,168000,0,0,1,0,1
Director of Data Science,168000,0,0,1,0,0
Data Analyst,169000,0,0,1,0,1
Data Analyst,169000,0,0,1,0,1
Data Analyst,169000,0,0,1,0,1
Data Engineer,170000,0,0,1,0,1
Data Engineer,170000,0,0,1,0,1
Data Engineer,170000,0,0,1,0,1
Data Engineer,170000,0,0,1,0,1
Data Scientist,170000,0,0,1,0,1
Data Scientist,170000,0,0,1,0,1
Analytics Engineer,170000,0,0,1,0,1
Data Engineer,170000,0,0,1,0,1
Data Scientist,170000,0,0,1,0,1
Data Engineer,170000,0,1,0,0,1
Data Analyst,170000,0,0,1,0,1
Data Analyst,170000,0,0,1,0,1
Data Analyst,170000,0,0,1,0,1
Data Architect,170000,1,1,0,0,1
Lead Data Analyst,170000,1,0,1,0,1
Principal Data Analyst,170000,0,0,1,0,1
Data Engineer,171000,0,0,1,0,1
Data Scientist,172000,0,0,1,0,1
Applied Machine Learning Scientist,173000,0,1,0,0,1
Data Scientist,173397,0,1,0,0,0
Principal Data Scientist,173762,0,0,1,0,0
Data Engineering Manager,174000,1,0,1,0,1
Data Science Manager,174000,1,0,1,0,1
Data Engineer,175000,0,0,1,0,1
Data Scientist,175000,0,0,1,0,1
Data Scientist,175000,0,0,1,0,1
Data Engineer,175000,0,0,1,0,1
Data Scientist,175000,0,0,1,0,1
Data Analyst,175000,0,0,1,0,1
Data Engineer,175000,0,0,1,0,1
Data Engineer,175000,0,0,1,0,1
Analytics Engineer,175000,0,0,0,1,1
Data Science Manager,175100,0,0,1,0,1
Data Science Manager,175100,0,0,0,1,1
Data Engineer,175100,0,0,1,0,1
Data Analyst,175950,0,0,1,0,1
Data Scientist,176000,0,0,1,0,1
Applied Data Scientist,177000,1,0,1,0,1
Data Engineer,177600,1,0,1,0,1
Data Engineer,178800,1,0,1,0,1
Data Engineer,178800,1,0,1,0,1
Data Scientist,179400,0,0,1,0,1
Data Scientist,179400,0,0,1,0,1
Data Science Manager,179775,0,0,1,0,1
Data Scientist,180000,0,0,1,0,1
Data Scientist,180000,0,0,1,0,1
ML Engineer,180000,0,1,0,0,1
Machine Learning Engineer,180000,0,0,1,0,1
Data Engineer,180000,0,0,1,0,1
Data Scientist,180000,0,0,0,0,1
Data Architect,180000,0,0,1,0,1
Data Engineer,180000,0,0,1,0,1
Machine Learning Engineer,180000,0,0,1,0,1
Machine Learning Engineer,180000,0,0,1,0,1
Data Scientist,180000,1,0,1,0,1
Data Engineer,180000,0,0,1,0,1
Machine Learning Scientist,180000,0,0,0,1,1
Analytics Engineer,180000,0,0,1,0,1
Data Scientist,180000,1,0,1,0,1
Machine Learning Engineer,180000,0,0,1,0,1
Machine Learning Developer,180000,1,0,0,0,1
Data Scientist,180000,0,0,1,0,1
Data Scientist,180000,0,0,1,0,1
Data Scientist,180000,1,0,1,0,1
Data Engineer,180000,0,0,1,0,1
Data Architect,180000,1,1,0,0,1
Data Engineer,181940,0,0,1,0,1
Data Engineer,182000,0,0,1,0,1
Data Science Manager,182160,0,0,0,1,1
Data Scientist Lead,183000,1,0,1,0,1
Data Engineer,183600,1,0,1,0,1
Data Engineer,184100,0,0,1,0,1
Analytics Engineer,184700,0,0,1,0,1
Data Scientist,185000,0,0,1,0,1
Data Engineer,185000,0,0,1,0,1
Data Scientist,185000,0,0,1,0,1
Machine Learning Engineer,185000,1,0,1,0,1
Principal Data Engineer,185000,1,0,1,0,1
Data Scientist,185100,0,0,1,0,1
Data Science Manager,185400,0,0,1,0,1
Data Engineer,185800,0,0,1,0,0
Data Scientist,185900,0,0,1,0,1
Data Engineer,185900,0,0,1,0,1
Data Scientist,185900,0,0,1,0,1
Data Scientist,185900,0,0,1,0,1
Data Engineer,185900,0,0,1,0,1
Data Scientist,185900,0,0,1,0,1
Data Scientist,185900,0,0,1,0,1
Data Engineer,185900,0,0,1,0,1
Data Engineer,185900,0,0,1,0,1
Machine Learning Infrastructure Engineer,186000,0,0,1,0,1
Machine Learning Engineer,186000,0,0,1,0,1
Data Scientist,186000,0,0,1,0,1
Machine Learning Engineer,187200,0,0,1,0,0
Data Engineer,187200,0,0,0,1,1
Research Scientist,187442,1,1,0,0,0
Data Engineer,188000,1,0,1,0,1
Data Engineer,188100,0,0,1,0,1
Data Engineer,188700,0,0,1,0,1
Data Science Manager,189500,1,0,1,0,1
Machine Learning Engineer,189650,0,0,1,0,1
Machine Learning Engineer,189650,0,0,1,0,1
Machine Learning Engineer,189650,0,0,1,0,1
Data Architect,190000,0,0,1,0,1
Data Architect,190000,0,0,1,0,1
Analytics Engineer,190000,0,0,1,0,1
Data Architect,190000,0,0,1,0,1
Lead Data Scientist,190000,0,0,1,0,1
Data Science Manager,190200,0,0,1,0,1
Data Engineer,191200,0,0,1,0,1
Applied Scientist,191475,0,0,1,0,1
Data Scientist,191475,0,0,1,0,1
Data Scientist,191475,0,0,1,0,1
Data Scientist,191475,0,0,1,0,1
Data Scientist,191475,0,0,1,0,1
Data Scientist,191475,0,0,1,0,1
Data Scientist,191475,0,0,1,0,1
Data Scientist,191475,0,0,1,0,1
Data Scientist,191475,0,0,1,0,1
Data Scientist,191475,0,0,1,0,1
Data Scientist,191475,0,0,1,0,1
Data Scientist,191475,0,0,1,0,1
Data Scientist,191475,0,0,1,0,1
Data Scientist,191475,0,0,1,0,1
Data Scientist,191475,0,0,1,0,1
Data Scientist,191475,0,0,1,0,1
Data Scientist,191475,0,0,1,0,1
Data Scientist,191475,0,0,1,0,1
Data Scientist,191475,0,0,1,0,1
Data Scientist,191475,0,0,1,0,1
Data Scientist,191475,0,0,1,0,1
Data Scientist,191475,0,0,1,0,1
Data Scientist,191475,0,0,1,0,1
Data Architect,192400,0,0,1,0,0
Data Architect,192564,0,0,1,0,1
Machine Learning Engineer,192600,0,0,1,0,1
Data Engineering Manager,193000,0,0,1,0,1
Director of Data Science,193455,1,0,0,1,0
Machine Learning Scientist,193900,0,0,1,0,1
Machine Learning Engineer,193900,0,0,1,0,1
Machine Learning Engineer,193900,0,1,0,0,1
Data Engineer,195000,0,0,1,0,1
Machine Learning Infrastructure Engineer,195000,0,0,1,0,1
ML Engineer,195400,1,0,1,0,1
Data Architect,195400,1,0,1,0,1
Machine Learning Engineer,195400,1,0,1,0,1
Data Architect,195400,1,0,1,0,1
Data Engineer,195700,0,0,1,0,1
Data Engineer,195700,0,0,1,0,1
Data Engineer,197000,0,0,1,0,1
Data Scientist,198440,1,0,1,0,1
Data Scientist,198440,0,0,1,0,1
Data Scientist,198440,0,0,1,0,1
Data Scientist,198440,1,0,1,0,1
Data Engineer,200000,0,0,1,0,1
Marketing Data Analyst,200000,0,0,1,0,0
Data Scientist,200000,0,0,1,0,1
Machine Learning Manager,200000,0,0,1,0,1
BI Analyst,200000,0,0,1,0,0
Data Engineer,200000,0,0,1,0,1
Data Engineer,200000,0,0,1,0,1
Machine Learning Engineer,200000,0,0,1,0,0
Machine Learning Scientist,200000,0,0,0,1,1
AI Scientist,200000,0,0,0,1,1
Analytics Engineer,200000,0,0,0,1,1
Machine Learning Engineer,200000,1,0,1,0,1
Data Engineer,200000,0,0,1,0,0
Analytics Engineer,200000,0,1,0,0,1
Data Engineer,200000,0,0,1,0,1
AI Scientist,200000,0,1,0,0,1
Data Science Manager,200000,0,0,1,0,1
AI Scientist,200000,1,1,0,0,1
Data Engineer,200000,0,0,0,1,1
Data Scientist,200000,0,1,0,0,1
Head of Data,200000,0,0,1,0,1
Principal Data Engineer,200000,0,0,1,0,1
Data Engineer,200000,1,1,0,0,1
Data Engineer,200000,1,1,0,0,1
Data Analyst,200000,1,0,1,0,1
Director of Data Engineering,200000,1,0,1,0,1
Machine Learning Engineer,200000,1,0,1,0,1
Data Engineer,200100,0,0,1,0,1
Data Scientist,202800,1,0,1,0,1
Machine Learning Engineer,202900,1,0,1,0,1
Machine Learning Engineer,202900,1,0,1,0,1
Analytics Engineer,203500,0,0,1,0,1
Data Scientist,203500,0,0,1,0,1
Data Scientist,204100,0,0,1,0,1
Machine Learning Engineer,204500,0,0,1,0,1
Head of Data,205000,0,0,0,1,1
Data Scientist,205000,0,0,1,0,1
Data Scientist,205300,1,0,1,0,1
Data Scientist,205300,0,0,1,0,1
Analytics Engineer,205300,0,0,1,0,1
Data Engineer,205600,1,0,1,0,1
Data Science Manager,206000,0,0,1,0,1
Data Engineer,206699,0,0,1,0,1
Data Engineer,206699,0,1,0,0,1
Data Scientist,207000,0,0,1,0,1
Data Scientist,207000,0,0,1,0,1
Data Architect,208775,0,0,1,0,1
Data Engineer,209100,1,0,1,0,1
Data Engineer,209100,1,0,1,0,1
Machine Learning Engineer,210000,0,0,1,0,1
Analytics Engineer,210000,0,0,0,1,1
Machine Learning Engineer,210000,0,0,1,0,1
Machine Learning Engineer,210000,0,0,1,0,1
Data Engineer,210000,0,0,1,0,1
Data Engineer,210000,0,0,1,0,1
Data Scientist,210000,0,0,1,0,1
Data Scientist,210000,0,0,1,0,1
Data Scientist,210000,0,0,1,0,1
Data Scientist,210000,0,0,1,0,1
Data Engineer,210000,0,0,1,0,1
Data Scientist,211500,0,0,1,0,1
Applied Scientist,212800,0,0,1,0,1
Data Architect,213120,0,0,1,0,1
Machine Learning Engineer,214000,0,0,1,0,1
Data Scientist,215000,1,0,1,0,1
Data Engineer,215000,0,0,1,0,1
Data Scientist,215300,1,0,1,0,1
Data Scientist,215300,1,0,1,0,1
Machine Learning Scientist,216000,0,0,1,0,1
Data Engineer,216000,0,0,0,1,1
Data Analyst,216200,0,0,1,0,1
Data Analyst,216200,0,1,0,0,1
Data Scientist,218000,0,0,1,0,1
Data Engineer,220000,0,0,1,0,1
Data Scientist,220000,0,0,1,0,1
Machine Learning Engineer,220000,0,0,1,0,1
Principal Data Scientist,220000,1,0,1,0,1
Data Engineer,220110,0,0,1,0,1
Data Engineer,220110,0,0,1,0,1
Data Specialist,221300,1,0,1,0,1
Data Science Manager,222640,0,0,0,1,1
Head of Data Science,224000,0,0,0,1,1
Data Scientist,225000,0,0,1,0,1
Data Engineer,225000,0,0,1,0,1
Data Scientist,225000,0,0,1,0,1
Data Scientist,225000,0,0,1,0,1
Data Architect,225000,0,0,1,0,1
Data Engineer,225000,0,0,1,0,1
Data Scientist,225000,0,1,0,0,1
Machine Learning Scientist,225000,1,0,0,0,1
Machine Learning Scientist,225000,1,0,1,0,0
Data Engineer,229998,1,0,1,0,1
Data Engineer,229998,1,0,1,0,1
Data Scientist,230000,0,0,1,0,1
Data Scientist,230000,0,0,1,0,1
Head of Data,230000,1,0,0,1,0
Data Architect,230400,0,0,1,0,1
Head of Data,235000,1,0,0,1,1
Principal Data Scientist,235000,1,0,1,0,1
Data Engineer,236000,0,0,1,0,1
Data Analyst,236600,0,0,1,0,1
Data Scientist,236900,1,0,1,0,1
Data Engineer,240000,0,0,1,0,1
Research Engineer,240000,0,1,0,0,1
ML Engineer,240000,0,0,1,0,1
Data Science Manager,240000,1,0,1,0,1
Data Science Manager,241000,0,1,0,0,1
Data Engineer,242000,0,0,0,1,1
Data Science Manager,243225,0,0,1,0,1
Data Engineer,243900,0,0,1,0,1
Data Scientist,245000,0,0,1,0,1
Analytics Engineer,245000,0,0,1,0,1
Data Scientist,245000,0,0,1,0,1
Machine Learning Engineer,248700,0,0,1,0,1
Data Science Manager,249260,0,0,1,0,1
ETL Developer,250000,0,0,1,0,1
ETL Developer,250000,0,0,1,0,1
Data Engineer,250000,0,0,1,0,1
Data Engineer,250000,0,0,1,0,1
Analytics Engineer,250000,0,0,1,0,1
Analytics Engineer,250000,0,0,1,0,1
Data Engineer,250000,0,0,1,0,1
ETL Developer,250000,0,0,1,0,1
Data Architect,250000,0,0,1,0,1
Data Engineer,250000,0,0,1,0,1
Cloud Data Architect,250000,1,0,1,0,1
Data Engineer,250000,0,0,1,0,1
Data Architect,250000,0,0,1,0,1
Data Engineer,250000,0,0,1,0,1
Director of Data Science,250000,1,0,0,1,1
Machine Learning Engineer,250000,1,0,0,0,1
ML Engineer,256000,0,0,1,0,1
Data Engineer,260000,0,0,1,0,1
Data Engineer,260000,0,0,0,1,1
Data Scientist,260000,0,0,1,0,1
Machine Learning Scientist,260000,0,0,1,0,0
Data Science Manager,260500,0,0,0,1,1
Data Architect,266400,0,0,1,0,1
ML Engineer,270000,1,1,0,0,1
Data Engineer,275000,0,0,1,0,1
Lead Data Engineer,276000,1,0,1,0,1
Data Engineer,297500,0,0,0,1,1
Data Engineer,300000,0,0,1,0,1
Data Engineer,300000,0,0,1,0,1
Data Engineer,300000,0,0,1,0,1
Data Science Manager,300000,0,0,1,0,1
Data Engineer,324000,0,0,0,1,1
Director of Data Science,325000,1,0,0,1,1
Data Architect,345600,0,0,1,0,1
Applied Data Scientist,380000,1,0,1,0,1
Data Analytics Lead,405000,1,0,1,0,1
Data Scientist,412000,1,0,1,0,1
Principal Data Scientist,416000,0,0,0,1,1
Applied Machine Learning Scientist,423000,1,1,0,0,1
Research Scientist,450000,0,1,0,0,1
Financial Data Analyst,450000,1,1,0,0,1
Principal Data Engineer,600000,1,0,0,1,1
